owner_org,ati_all,ati_all_change_30_days,ati_all_change_90_days,ati_all_change_6_months,ati_nil,ati_nil_change_30_days,ati_nil_change_90_days,ati_nil_change_6_months,briefingt,briefingt_change_30_days,briefingt_change_90_days,briefingt_change_6_months,contracts,contracts_change_30_days,contracts_change_90_days,contracts_change_6_months,contracts_nil,contracts_nil_change_30_days,contracts_nil_change_90_days,contracts_nil_change_6_months,contractsa,contractsa_change_30_days,contractsa_change_90_days,contractsa_change_6_months,dac,dac_change_30_days,dac_change_90_days,dac_change_6_months,grants,grants_change_30_days,grants_change_90_days,grants_change_6_months,grants_nil,grants_nil_change_30_days,grants_nil_change_90_days,grants_nil_change_6_months,hospitalityq,hospitalityq_change_30_days,hospitalityq_change_90_days,hospitalityq_change_6_months,hospitalityq_nil,hospitalityq_nil_change_30_days,hospitalityq_nil_change_90_days,hospitalityq_nil_change_6_months,parliament_committee,parliament_committee_change_30_days,parliament_committee_change_90_days,parliament_committee_change_6_months,parliament_committee_deputy,parliament_committee_deputy_change_30_days,parliament_committee_deputy_change_90_days,parliament_committee_deputy_change_6_months,parliament_report,parliament_report_change_30_days,parliament_report_change_90_days,parliament_report_change_6_months,qpnotes,qpnotes_change_30_days,qpnotes_change_90_days,qpnotes_change_6_months,reclassification,reclassification_change_30_days,reclassification_change_90_days,reclassification_change_6_months,reclassification_nil,reclassification_nil_change_30_days,reclassification_nil_change_90_days,reclassification_nil_change_6_months,transition,transition_change_30_days,transition_change_90_days,transition_change_6_months,transition_deputy,transition_deputy_change_30_days,transition_deputy_change_90_days,transition_deputy_change_6_months,travela,travela_change_30_days,travela_change_90_days,travela_change_6_months,travelq,travelq_change_30_days,travelq_change_90_days,travelq_change_6_months,travelq_nil,travelq_nil_change_30_days,travelq_nil_change_90_days,travelq_nil_change_6_months,wrongdoing,wrongdoing_change_30_days,wrongdoing_change_90_days,wrongdoing_change_6_months,Total Original,Total Change 30_days,Total Change 90_days,Total Change 6_months
aafc-aac,1380,11,31.0,64.0,0,0,0.0,0.0,3417,34,160.0,295.0,16988,446,445.0,783.0,0,0,0.0,0.0,7,0,0.0,0.0,75,0,3.0,3.0,15675,552,552.0,1433.0,0,0,0.0,0.0,30,0,1.0,2.0,59,1,2.0,4.0,0,0,0.0,0.0,0,0,0.0,0.0,4,0,0.0,1.0,225,65,65.0,65.0,305,2,2.0,4.0,3,0,0.0,0.0,1,0,0.0,0.0,1,0,1.0,1.0,9,0,1.0,1.0,1762,19,63.0,117.0,3,0,0.0,0.0,0,0,0.0,0.0,39944,1130,1326.0,2773.0
aandc-aadnc,1759,22,41.0,85.0,0,-11,-11.0,-11.0,5780,74,294.0,549.0,8678,82,82.0,176.0,1,0,0.0,0.0,0,0,0.0,0.0,94,0,10.0,10.0,20240,120,120.0,219.0,0,0,0.0,0.0,158,3,7.0,15.0,0,0,0.0,0.0,9,0,0.0,0.0,0,0,0.0,0.0,12,0,0.0,0.0,391,31,31.0,31.0,98,1,1.0,1.0,16,0,0.0,1.0,2,0,0.0,0.0,0,0,0.0,0.0,5,0,1.0,1.0,1734,26,80.0,186.0,0,0,0.0,0.0,0,0,0.0,0.0,38977,348,656.0,1263.0
acoa-apeca,212,2,3.0,4.0,11,0,1.0,3.0,856,15,56.0,136.0,2857,16,16.0,37.0,0,0,0.0,0.0,7,0,0.0,0.0,0,0,0.0,0.0,28454,0,0.0,290.0,0,0,0.0,0.0,224,1,1.0,3.0,0,0,0.0,0.0,0,0,0.0,-5.0,13,0,0.0,11.0,19,0,1.0,4.0,6,0,0.0,0.0,190,3,3.0,3.0,12,0,0.0,1.0,0,0,0.0,0.0,3,0,0.0,2.0,4,0,0.0,4.0,2962,17,58.0,115.0,0,0,0.0,0.0,0,0,0.0,0.0,35830,54,139.0,608.0
aecl-eacl,349,1,1.0,3.0,33,0,2.0,4.0,0,0,0.0,0.0,0,0,0.0,0.0,0,0,0.0,0.0,0,0,0.0,0.0,0,0,0.0,0.0,0,0,0.0,0.0,0,0,0.0,0.0,189,0,0.0,0.0,1,0,0.0,0.0,0,0,0.0,0.0,0,0,0.0,0.0,0,0,0.0,0.0,0,0,0.0,0.0,0,0,0.0,0.0,0,0,0.0,0.0,0,0,0.0,0.0,0,0,0.0,0.0,0,0,0.0,0.0,1188,0,0.0,0.0,1,0,0.0,0.0,0,0,0.0,0.0,1761,1,3.0,7.0
apa,5,0,0.0,0.0,24,1,3.0,6.0,0,0,0.0,0.0,0,0,0.0,0.0,0,0,0.0,0.0,0,0,0.0,0.0,0,0,0.0,0.0,0,0,0.0,0.0,0,0,0.0,0.0,0,0,0.0,0.0,0,0,0.0,0.0,0,0,0.0,0.0,0,0,0.0,0.0,0,0,0.0,0.0,0,0,0.0,0.0,0,0,0.0,0.0,0,0,0.0,0.0,0,0,0.0,0.0,0,0,0.0,0.0,0,0,0.0,0.0,0,0,0.0,0.0,0,0,0.0,0.0,0,0,0.0,0.0,29,1,3.0,6.0
apfc-fapc,14,0,1.0,1.0,49,0,5.0,5.0,0,0,0.0,0.0,0,0,0.0,0.0,0,0,0.0,0.0,0,0,0.0,0.0,0,0,0.0,0.0,0,0,0.0,0.0,0,0,0.0,0.0,0,0,0.0,0.0,0,0,0.0,0.0,0,0,0.0,0.0,0,0,0.0,0.0,0,0,0.0,0.0,0,0,0.0,0.0,0,0,0.0,0.0,0,0,0.0,0.0,0,0,0.0,0.0,0,0,0.0,0.0,0,0,0.0,0.0,0,0,0.0,0.0,0,0,0.0,0.0,0,0,0.0,0.0,63,0,6.0,6.0
atssc-scdata,105,5,5.0,7.0,29,1,3.0,3.0,156,1,4.0,8.0,1424,27,27.0,44.0,0,0,0.0,0.0,7,0,0.0,0.0,0,0,0.0,0.0,0,0,0.0,0.0,0,0,0.0,0.0,157,0,0.0,0.0,21,0,0.0,0.0,0,0,0.0,0.0,0,0,0.0,0.0,15,0,1.0,4.0,0,0,0.0,0.0,167,1,1.0,5.0,0,0,0.0,0.0,1,0,0.0,0.0,0,0,0.0,0.0,2,0,0.0,2.0,467,3,6.0,8.0,2,0,0.0,0.0,0,0,0.0,0.0,2553,38,47.0,81.0
bc,141,0,0.0,0.0,0,0,0.0,0.0,0,0,0.0,0.0,0,0,0.0,0.0,0,0,0.0,0.0,0,0,0.0,0.0,0,0,0.0,0.0,0,0,0.0,0.0,0,0,0.0,0.0,0,0,0.0,0.0,0,0,0.0,0.0,0,0,0.0,0.0,0,0,0.0,0.0,0,0,0.0,0.0,0,0,0.0,0.0,0,0,0.0,0.0,0,0,0.0,0.0,0,0,0.0,0.0,0,0,0.0,0.0,0,0,0.0,0.0,0,0,0.0,0.0,0,0,0.0,0.0,0,0,0.0,0.0,141,0,0.0,0.0
bctc-ctcb,5,0,2.0,2.0,27,1,3.0,5.0,0,0,0.0,0.0,0,0,0.0,0.0,0,0,0.0,0.0,0,0,0.0,0.0,0,0,0.0,0.0,0,0,0.0,0.0,0,0,0.0,0.0,0,0,0.0,0.0,0,0,0.0,0.0,0,0,0.0,0.0,0,0,0.0,0.0,0,0,0.0,0.0,0,0,0.0,0.0,0,0,0.0,0.0,0,0,0.0,0.0,0,0,0.0,0.0,0,0,0.0,0.0,0,0,0.0,0.0,0,0,0.0,0.0,0,0,0.0,0.0,0,0,0.0,0.0,32,1,5.0,7.0
bdc,85,4,7.0,10.0,15,0,0.0,2.0,0,0,0.0,0.0,0,0,0.0,0.0,0,0,0.0,0.0,0,0,0.0,0.0,0,0,0.0,0.0,0,0,0.0,0.0,0,0,0.0,0.0,0,0,0.0,0.0,0,0,0.0,0.0,0,0,0.0,0.0,0,0,0.0,0.0,0,0,0.0,0.0,0,0,0.0,0.0,0,0,0.0,0.0,0,0,0.0,0.0,0,0,0.0,0.0,0,0,0.0,0.0,2,0,0.0,2.0,0,0,0.0,0.0,0,0,0.0,0.0,0,0,0.0,0.0,102,4,7.0,14.0
bpa-apd,2,0,1.0,1.0,23,2,3.0,5.0,0,0,0.0,0.0,0,0,0.0,0.0,0,0,0.0,0.0,0,0,0.0,0.0,0,0,0.0,0.0,0,0,0.0,0.0,0,0,0.0,0.0,0,0,0.0,0.0,0,0,0.0,0.0,0,0,0.0,0.0,0,0,0.0,0.0,0,0,0.0,0.0,0,0,0.0,0.0,0,0,0.0,0.0,0,0,0.0,0.0,0,0,0.0,0.0,0,0,0.0,0.0,0,0,0.0,0.0,0,0,0.0,0.0,0,0,0.0,0.0,0,0,0.0,0.0,25,2,4.0,6.0
cannor,83,0,0.0,0.0,26,0,0.0,0.0,357,0,8.0,16.0,88,0,0.0,1.0,1,0,0.0,0.0,4,0,0.0,1.0,0,0,0.0,0.0,1753,44,44.0,70.0,0,0,0.0,0.0,20,0,0.0,2.0,55,0,0.0,11.0,0,0,0.0,0.0,0,0,0.0,0.0,0,0,0.0,0.0,22,0,4.0,7.0,2,0,0.0,0.0,7,0,0.0,0.0,0,0,0.0,0.0,0,0,0.0,0.0,6,0,0.0,0.0,113,0,0.0,26.0,27,0,0.0,5.0,1,0,0.0,0.0,2565,44,56.0,139.0
cas-satj,0,0,0.0,0.0,0,0,0.0,0.0,0,0,0.0,0.0,2433,138,138.0,193.0,0,0,0.0,0.0,7,0,0.0,1.0,76,0,3.0,6.0,0,0,0.0,0.0,0,0,0.0,0.0,118,0,0.0,2.0,21,0,0.0,0.0,0,0,0.0,0.0,0,0,0.0,0.0,0,0,0.0,0.0,0,0,0.0,0.0,7,0,0.0,0.0,0,0,0.0,0.0,0,0,0.0,0.0,0,0,0.0,0.0,0,0,0.0,0.0,327,1,7.0,10.0,2,0,0.0,0.0,0,0,0.0,0.0,2991,139,148.0,212.0
casdo-ocena,21,1,14.0,14.0,45,1,1.0,1.0,92,0,4.0,8.0,209,0,14.0,14.0,0,0,0.0,0.0,0,0,0.0,0.0,0,0,0.0,0.0,91,1,1.0,1.0,0,0,0.0,0.0,5,0,0.0,0.0,50,0,2.0,4.0,0,0,0.0,0.0,0,0,0.0,0.0,0,0,0.0,0.0,0,0,0.0,0.0,0,0,0.0,0.0,0,0,0.0,0.0,0,0,0.0,0.0,1,0,0.0,0.0,4,0,0.0,0.0,152,0,1.0,12.0,21,0,1.0,1.0,0,0,0.0,0.0,691,3,38.0,55.0
catsa-acsta,201,1,1.0,2.0,35,0,2.0,3.0,0,0,0.0,0.0,0,0,0.0,0.0,0,0,0.0,0.0,0,0,0.0,0.0,0,0,0.0,0.0,0,0,0.0,0.0,0,0,0.0,0.0,536,3,14.0,23.0,24,0,0.0,0.0,0,0,0.0,0.0,0,0,0.0,0.0,4,0,0.0,0.0,0,0,0.0,0.0,0,0,0.0,0.0,0,0,0.0,0.0,0,0,0.0,0.0,0,0,0.0,0.0,9,0,0.0,1.0,1034,2,26.0,34.0,27,0,0.0,2.0,0,0,0.0,0.0,1870,6,43.0,65.0
cb-cda,95,1,2.0,2.0,57,0,1.0,4.0,0,0,0.0,0.0,0,0,0.0,0.0,0,0,0.0,0.0,0,0,0.0,0.0,0,0,0.0,0.0,0,0,0.0,0.0,0,0,0.0,0.0,0,0,0.0,0.0,0,0,0.0,0.0,0,0,0.0,0.0,0,0,0.0,0.0,0,0,0.0,0.0,0,0,0.0,0.0,0,0,0.0,0.0,0,0,0.0,0.0,0,0,0.0,0.0,0,0,0.0,0.0,0,0,0.0,0.0,0,0,0.0,0.0,0,0,0.0,0.0,0,0,0.0,0.0,152,1,3.0,6.0
cbc-radio-canada,143,0,0.0,0.0,0,0,0.0,0.0,0,0,0.0,0.0,0,0,0.0,0.0,0,0,0.0,0.0,0,0,0.0,0.0,0,0,0.0,0.0,0,0,0.0,0.0,0,0,0.0,0.0,0,0,0.0,0.0,0,0,0.0,0.0,0,0,0.0,0.0,0,0,0.0,0.0,0,0,0.0,0.0,0,0,0.0,0.0,0,0,0.0,0.0,0,0,0.0,0.0,0,0,0.0,0.0,0,0,0.0,0.0,0,0,0.0,0.0,0,0,0.0,0.0,0,0,0.0,0.0,0,0,0.0,0.0,143,0,0.0,0.0
cbsa-asfc,4471,24,65.0,101.0,0,0,0.0,0.0,748,8,25.0,52.0,11143,186,187.0,554.0,0,0,0.0,0.0,5,0,0.0,0.0,92,4,4.0,10.0,0,0,0.0,0.0,0,0,0.0,0.0,306,0,0.0,0.0,58,0,1.0,4.0,0,0,0.0,0.0,0,0,0.0,0.0,1,0,0.0,0.0,0,0,0.0,0.0,387,10,11.0,12.0,13,0,0.0,0.0,0,0,0.0,0.0,0,0,0.0,0.0,11,0,0.0,1.0,864,8,15.0,63.0,23,0,0.0,0.0,2,0,0.0,0.0,18124,240,308.0,797.0
cca-cac,138,0,2.0,6.0,9,0,0.0,2.0,0,0,0.0,0.0,0,0,0.0,0.0,0,0,0.0,0.0,0,0,0.0,0.0,0,0,0.0,0.0,0,0,0.0,0.0,0,0,0.0,0.0,12,1,6.0,7.0,7,0,1.0,3.0,0,0,0.0,0.0,0,0,0.0,0.0,0,0,0.0,0.0,0,0,0.0,0.0,0,0,0.0,0.0,0,0,0.0,0.0,0,0,0.0,0.0,0,0,0.0,0.0,0,0,0.0,0.0,85,10,22.0,52.0,1,0,0.0,0.0,0,0,0.0,0.0,252,11,31.0,70.0
ccc,121,0,2.0,2.0,46,0,4.0,4.0,0,0,0.0,0.0,0,0,0.0,0.0,0,0,0.0,0.0,0,0,0.0,0.0,0,0,0.0,0.0,0,0,0.0,0.0,0,0,0.0,0.0,0,0,0.0,0.0,0,0,0.0,0.0,0,0,0.0,0.0,0,0,0.0,0.0,0,0,0.0,0.0,0,0,0.0,0.0,0,0,0.0,0.0,0,0,0.0,0.0,0,0,0.0,0.0,0,0,0.0,0.0,0,0,0.0,0.0,0,0,0.0,0.0,0,0,0.0,0.0,0,0,0.0,0.0,167,0,6.0,6.0
ccohs-cchst,22,0,0.0,1.0,46,0,2.0,5.0,3,0,0.0,0.0,208,4,13.0,13.0,0,0,0.0,0.0,6,0,0.0,0.0,0,0,0.0,0.0,0,0,0.0,0.0,0,0,0.0,0.0,34,0,0.0,0.0,69,1,3.0,6.0,0,0,0.0,0.0,0,0,0.0,0.0,12,0,2.0,6.0,0,0,0.0,0.0,0,0,0.0,0.0,0,0,0.0,0.0,0,0,0.0,0.0,0,0,0.0,0.0,8,0,0.0,1.0,146,2,8.0,8.0,41,0,1.0,3.0,0,0,0.0,0.0,595,7,29.0,43.0
ccperb-cceebc,2,0,0.0,0.0,0,0,0.0,0.0,0,0,0.0,0.0,0,0,0.0,0.0,0,0,0.0,0.0,0,0,0.0,0.0,0,0,0.0,0.0,0,0,0.0,0.0,0,0,0.0,0.0,0,0,0.0,0.0,0,0,0.0,0.0,0,0,0.0,0.0,0,0,0.0,0.0,0,0,0.0,0.0,0,0,0.0,0.0,0,0,0.0,0.0,0,0,0.0,0.0,0,0,0.0,0.0,0,0,0.0,0.0,0,0,0.0,0.0,0,0,0.0,0.0,0,0,0.0,0.0,0,0,0.0,0.0,2,0,0.0,0.0
cdc-ccl,29,0,0.0,6.0,0,0,0.0,0.0,0,0,0.0,0.0,0,0,0.0,0.0,0,0,0.0,0.0,0,0,0.0,0.0,0,0,0.0,0.0,0,0,0.0,0.0,0,0,0.0,0.0,0,0,0.0,0.0,0,0,0.0,0.0,0,0,0.0,0.0,0,0,0.0,0.0,0,0,0.0,0.0,0,0,0.0,0.0,10,0,0.0,0.0,4,0,0.0,0.0,0,0,0.0,0.0,0,0,0.0,0.0,0,0,0.0,0.0,0,0,0.0,0.0,0,0,0.0,0.0,0,0,0.0,0.0,43,0,0.0,6.0
cdev,79,4,4.0,8.0,33,0,1.0,1.0,0,0,0.0,0.0,0,0,0.0,0.0,0,0,0.0,0.0,0,0,0.0,0.0,0,0,0.0,0.0,0,0,0.0,0.0,0,0,0.0,0.0,0,0,0.0,0.0,0,0,0.0,0.0,0,0,0.0,0.0,0,0,0.0,0.0,0,0,0.0,0.0,0,0,0.0,0.0,0,0,0.0,0.0,0,0,0.0,0.0,0,0,0.0,0.0,0,0,0.0,0.0,0,0,0.0,0.0,0,0,0.0,0.0,0,0,0.0,0.0,0,0,0.0,0.0,112,4,5.0,9.0
cdic-sadc,26,0,0.0,0.0,51,1,3.0,6.0,0,0,0.0,0.0,0,0,0.0,0.0,0,0,0.0,0.0,0,0,0.0,0.0,0,0,0.0,0.0,0,0,0.0,0.0,0,0,0.0,0.0,42,1,5.0,16.0,8,1,2.0,4.0,0,0,0.0,0.0,0,0,0.0,0.0,8,0,0.0,5.0,0,0,0.0,0.0,0,0,0.0,0.0,0,0,0.0,0.0,0,0,0.0,0.0,0,0,0.0,0.0,2,0,0.0,1.0,217,12,32.0,62.0,0,0,0.0,0.0,0,0,0.0,0.0,354,15,42.0,94.0
ced-dec,286,1,1.0,3.0,25,0,2.0,3.0,726,3,24.0,58.0,1968,8,8.0,19.0,0,0,0.0,0.0,6,0,0.0,0.0,0,0,0.0,0.0,15376,152,152.0,327.0,0,0,0.0,0.0,781,0,4.0,5.0,50,1,3.0,6.0,1,0,-1.0,-1.0,3,0,1.0,1.0,6,2,2.0,2.0,74,0,8.0,8.0,72,0,0.0,0.0,27,0,1.0,2.0,3,0,0.0,0.0,1,0,0.0,0.0,13,1,1.0,1.0,2931,4,10.0,23.0,20,0,0.0,0.0,0,0,0.0,0.0,22369,172,216.0,457.0
ceefc-cfuec,10,0,0.0,0.0,50,2,4.0,6.0,0,0,0.0,0.0,0,0,0.0,0.0,0,0,0.0,0.0,0,0,0.0,0.0,0,0,0.0,0.0,0,0,0.0,0.0,0,0,0.0,0.0,0,0,0.0,0.0,0,0,0.0,0.0,0,0,0.0,0.0,0,0,0.0,0.0,0,0,0.0,0.0,0,0,0.0,0.0,0,0,0.0,0.0,0,0,0.0,0.0,0,0,0.0,0.0,0,0,0.0,0.0,0,0,0.0,0.0,0,0,0.0,0.0,0,0,0.0,0.0,0,0,0.0,0.0,60,2,4.0,6.0
celd,0,0,0.0,0.0,61,2,4.0,6.0,0,0,0.0,0.0,0,0,0.0,0.0,0,0,0.0,0.0,0,0,0.0,0.0,0,0,0.0,0.0,0,0,0.0,0.0,0,0,0.0,0.0,0,0,0.0,0.0,0,0,0.0,0.0,0,0,0.0,0.0,0,0,0.0,0.0,0,0,0.0,0.0,0,0,0.0,0.0,0,0,0.0,0.0,0,0,0.0,0.0,0,0,0.0,0.0,0,0,0.0,0.0,0,0,0.0,0.0,0,0,0.0,0.0,0,0,0.0,0.0,0,0,0.0,0.0,61,2,4.0,6.0
cer-rec,680,0,3.0,6.0,15,1,1.0,2.0,1152,9,51.0,85.0,1711,28,28.0,49.0,1,0,0.0,0.0,8,0,0.0,0.0,0,0,0.0,0.0,605,87,87.0,131.0,2,0,0.0,0.0,242,17,22.0,24.0,18,0,0.0,1.0,1,0,0.0,0.0,2,0,1.0,1.0,4,0,0.0,0.0,0,0,0.0,0.0,0,0,0.0,0.0,0,0,0.0,0.0,1,0,0.0,0.0,2,1,1.0,1.0,9,0,1.0,1.0,413,20,21.0,28.0,19,0,0.0,0.0,0,0,0.0,0.0,4885,163,216.0,329.0
cfia-acia,2279,14,42.0,84.0,0,0,0.0,0.0,587,5,21.0,57.0,5583,239,238.0,363.0,0,0,0.0,0.0,7,0,0.0,0.0,87,0,0.0,7.0,49,2,2.0,2.0,17,1,1.0,2.0,289,0,2.0,5.0,35,1,2.0,3.0,0,0,0.0,0.0,19,0,0.0,1.0,3,0,0.0,0.0,0,0,0.0,0.0,15,6,7.0,7.0,0,0,0.0,0.0,0,0,0.0,0.0,0,0,0.0,0.0,4,0,1.0,1.0,420,3,13.0,22.0,23,0,0.0,1.0,0,0,0.0,0.0,9417,271,329.0,555.0
cfmws-sbmfc,53,0,7.0,8.0,31,0,0.0,1.0,0,0,0.0,0.0,0,0,0.0,0.0,0,0,0.0,0.0,0,0,0.0,0.0,0,0,0.0,0.0,0,0,0.0,0.0,0,0,0.0,0.0,0,0,0.0,0.0,0,0,0.0,0.0,0,0,0.0,0.0,0,0,0.0,0.0,0,0,0.0,0.0,0,0,0.0,0.0,0,0,0.0,0.0,0,0,0.0,0.0,0,0,0.0,0.0,0,0,0.0,0.0,0,0,0.0,0.0,0,0,0.0,0.0,0,0,0.0,0.0,0,0,0.0,0.0,84,0,7.0,9.0
cgc-ccg,32,0,0.0,-1.0,50,2,5.0,8.0,378,5,18.0,45.0,1251,26,26.0,283.0,1,0,0.0,0.0,7,0,0.0,0.0,40,0,0.0,0.0,0,0,0.0,0.0,0,0,0.0,0.0,55,1,2.0,4.0,42,0,1.0,2.0,0,0,0.0,0.0,0,0,0.0,0.0,0,0,0.0,0.0,0,0,0.0,0.0,73,0,0.0,0.0,15,0,1.0,2.0,0,0,0.0,0.0,0,0,0.0,0.0,6,0,0.0,4.0,172,7,19.0,25.0,24,0,0.0,0.0,0,0,0.0,0.0,2146,41,72.0,372.0
cgf-fcc,0,0,0.0,0.0,25,2,4.0,25.0,0,0,0.0,0.0,0,0,0.0,0.0,0,0,0.0,0.0,0,0,0.0,0.0,0,0,0.0,0.0,0,0,0.0,0.0,0,0,0.0,0.0,0,0,0.0,0.0,0,0,0.0,0.0,0,0,0.0,0.0,0,0,0.0,0.0,0,0,0.0,0.0,0,0,0.0,0.0,0,0,0.0,0.0,0,0,0.0,0.0,0,0,0.0,0.0,0,0,0.0,0.0,0,0,0.0,0.0,0,0,0.0,0.0,0,0,0.0,0.0,0,0,0.0,0.0,25,2,4.0,25.0
cgfimi-gafcc,2,0,0.0,0.0,17,2,4.0,7.0,0,0,0.0,0.0,0,0,0.0,0.0,0,0,0.0,0.0,0,0,0.0,0.0,0,0,0.0,0.0,0,0,0.0,0.0,0,0,0.0,0.0,0,0,0.0,0.0,0,0,0.0,0.0,0,0,0.0,0.0,0,0,0.0,0.0,0,0,0.0,0.0,0,0,0.0,0.0,0,0,0.0,0.0,0,0,0.0,0.0,0,0,0.0,0.0,0,0,0.0,0.0,0,0,0.0,0.0,0,0,0.0,0.0,0,0,0.0,0.0,0,0,0.0,0.0,19,2,4.0,7.0
chhc-sgch,0,0,0.0,0.0,61,2,4.0,6.0,0,0,0.0,0.0,0,0,0.0,0.0,0,0,0.0,0.0,0,0,0.0,0.0,0,0,0.0,0.0,0,0,0.0,0.0,0,0,0.0,0.0,0,0,0.0,0.0,0,0,0.0,0.0,0,0,0.0,0.0,0,0,0.0,0.0,0,0,0.0,0.0,0,0,0.0,0.0,0,0,0.0,0.0,0,0,0.0,0.0,0,0,0.0,0.0,0,0,0.0,0.0,0,0,0.0,0.0,0,0,0.0,0.0,0,0,0.0,0.0,0,0,0.0,0.0,61,2,4.0,6.0
chrc-ccdp,202,4,6.0,8.0,18,0,1.0,3.0,298,1,12.0,18.0,737,18,18.0,25.0,0,0,0.0,0.0,7,0,0.0,0.0,0,0,0.0,0.0,0,0,0.0,0.0,0,0,0.0,0.0,1,0,0.0,0.0,25,0,0.0,0.0,0,0,0.0,0.0,1,0,0.0,0.0,2,0,0.0,0.0,0,0,0.0,0.0,22,0,0.0,0.0,17,1,1.0,2.0,0,0,0.0,0.0,0,0,0.0,0.0,6,0,0.0,1.0,294,1,2.0,2.0,18,0,0.0,0.0,0,0,0.0,0.0,1648,25,40.0,59.0
cib-bic,93,2,5.0,8.0,25,0,0.0,1.0,0,0,0.0,0.0,0,0,0.0,0.0,0,0,0.0,0.0,0,0,0.0,0.0,0,0,0.0,0.0,0,0,0.0,0.0,0,0,0.0,0.0,19,2,2.0,5.0,6,0,2.0,2.0,0,0,0.0,0.0,0,0,0.0,0.0,0,0,0.0,0.0,0,0,0.0,0.0,0,0,0.0,0.0,0,0,0.0,0.0,0,0,0.0,0.0,0,0,0.0,0.0,0,0,0.0,0.0,151,18,35.0,56.0,2,0,0.0,0.0,0,0,0.0,0.0,296,22,44.0,72.0
cic,12039,124,343.0,662.0,0,0,0.0,0.0,3430,43,121.0,243.0,15005,257,257.0,481.0,0,0,0.0,0.0,7,0,0.0,0.0,87,0,0.0,4.0,16658,149,149.0,317.0,0,0,0.0,0.0,581,4,4.0,9.0,27,0,0.0,0.0,0,0,0.0,0.0,0,0,0.0,0.0,1,0,0.0,0.0,232,37,37.0,37.0,1601,1,2.0,2.0,5,0,0.0,0.0,0,0,0.0,0.0,0,0,0.0,0.0,0,0,0.0,0.0,2108,22,59.0,121.0,13,0,0.0,0.0,3,0,1.0,1.0,51797,637,973.0,1877.0
cicc-ccic,5,3,4.0,5.0,35,1,1.0,3.0,0,0,0.0,0.0,0,0,0.0,0.0,0,0,0.0,0.0,0,0,0.0,0.0,0,0,0.0,0.0,0,0,0.0,0.0,0,0,0.0,0.0,32,2,13.0,15.0,7,0,0.0,0.0,0,0,0.0,0.0,0,0,0.0,0.0,0,0,0.0,0.0,0,0,0.0,0.0,0,0,0.0,0.0,0,0,0.0,0.0,0,0,0.0,0.0,0,0,0.0,0.0,0,0,0.0,0.0,383,37,-138.0,-46.0,4,0,0.0,0.0,0,0,0.0,0.0,466,43,-120.0,-23.0
ciccdev,1,0,0.0,1.0,23,2,4.0,23.0,0,0,0.0,0.0,0,0,0.0,0.0,0,0,0.0,0.0,0,0,0.0,0.0,0,0,0.0,0.0,0,0,0.0,0.0,0,0,0.0,0.0,0,0,0.0,0.0,0,0,0.0,0.0,0,0,0.0,0.0,0,0,0.0,0.0,0,0,0.0,0.0,0,0,0.0,0.0,0,0,0.0,0.0,0,0,0.0,0.0,0,0,0.0,0.0,0,0,0.0,0.0,0,0,0.0,0.0,0,0,0.0,0.0,0,0,0.0,0.0,0,0,0.0,0.0,24,2,4.0,24.0
cics-scic,0,0,0.0,0.0,0,0,0.0,0.0,0,0,0.0,0.0,277,8,8.0,21.0,0,0,0.0,0.0,7,0,0.0,0.0,0,0,0.0,0.0,0,0,0.0,0.0,0,0,0.0,0.0,11,0,1.0,2.0,72,1,2.0,3.0,0,0,0.0,0.0,0,0,0.0,0.0,0,0,0.0,0.0,0,0,0.0,0.0,0,0,0.0,0.0,2,0,0.0,0.0,0,0,0.0,0.0,0,0,0.0,0.0,6,0,0.0,1.0,17,0,1.0,2.0,61,1,2.0,3.0,0,0,0.0,0.0,453,10,14.0,32.0
cihr-irsc,183,4,7.0,10.0,11,0,0.0,1.0,1044,0,40.0,92.0,1458,29,29.0,38.0,0,0,0.0,0.0,8,0,0.0,0.0,74,1,1.0,5.0,39768,1997,1997.0,2914.0,0,0,0.0,0.0,373,0,0.0,1.0,50,1,3.0,5.0,28,3,3.0,5.0,1,0,0.0,0.0,0,0,0.0,0.0,0,0,0.0,0.0,25,1,1.0,2.0,9,0,0.0,1.0,0,0,0.0,0.0,0,0,0.0,0.0,14,0,1.0,1.0,807,7,12.0,13.0,32,0,0.0,1.0,0,0,0.0,0.0,43885,2043,2094.0,3089.0
cirb-ccri,8,0,0.0,0.0,0,0,0.0,0.0,0,0,0.0,0.0,0,0,0.0,0.0,0,0,0.0,0.0,0,0,0.0,0.0,0,0,0.0,0.0,0,0,0.0,0.0,0,0,0.0,0.0,0,0,0.0,0.0,0,0,0.0,0.0,0,0,0.0,0.0,0,0,0.0,0.0,0,0,0.0,0.0,0,0,0.0,0.0,0,0,0.0,0.0,0,0,0.0,0.0,0,0,0.0,0.0,0,0,0.0,0.0,0,0,0.0,0.0,0,0,0.0,0.0,0,0,0.0,0.0,0,0,0.0,0.0,8,0,0.0,0.0
citt-tcce,5,0,0.0,0.0,0,0,0.0,0.0,0,0,0.0,0.0,0,0,0.0,0.0,0,0,0.0,0.0,0,0,0.0,0.0,0,0,0.0,0.0,0,0,0.0,0.0,0,0,0.0,0.0,0,0,0.0,0.0,0,0,0.0,0.0,0,0,0.0,0.0,0,0,0.0,0.0,0,0,0.0,0.0,0,0,0.0,0.0,0,0,0.0,0.0,0,0,0.0,0.0,0,0,0.0,0.0,0,0,0.0,0.0,0,0,0.0,0.0,0,0,0.0,0.0,0,0,0.0,0.0,0,0,0.0,0.0,5,0,0.0,0.0
clccl-siccl,20,0,0.0,1.0,36,2,3.0,5.0,0,0,0.0,0.0,0,0,0.0,0.0,0,0,0.0,0.0,0,0,0.0,0.0,0,0,0.0,0.0,0,0,0.0,0.0,0,0,0.0,0.0,0,0,0.0,0.0,0,0,0.0,0.0,0,0,0.0,0.0,0,0,0.0,0.0,0,0,0.0,0.0,0,0,0.0,0.0,0,0,0.0,0.0,0,0,0.0,0.0,0,0,0.0,0.0,0,0,0.0,0.0,0,0,0.0,0.0,0,0,0.0,0.0,0,0,0.0,0.0,0,0,0.0,0.0,56,2,3.0,6.0
clcl-sicl,9,0,0.0,0.0,49,2,3.0,8.0,0,0,0.0,0.0,0,0,0.0,0.0,0,0,0.0,0.0,0,0,0.0,0.0,0,0,0.0,0.0,0,0,0.0,0.0,0,0,0.0,0.0,0,0,0.0,0.0,0,0,0.0,0.0,0,0,0.0,0.0,0,0,0.0,0.0,0,0,0.0,0.0,0,0,0.0,0.0,0,0,0.0,0.0,0,0,0.0,0.0,0,0,0.0,0.0,0,0,0.0,0.0,0,0,0.0,0.0,0,0,0.0,0.0,0,0,0.0,0.0,0,0,0.0,0.0,58,2,3.0,8.0
cmc-mcc,64,0,1.0,1.0,41,1,2.0,5.0,0,0,0.0,0.0,0,0,0.0,0.0,0,0,0.0,0.0,0,0,0.0,0.0,0,0,0.0,0.0,0,0,0.0,0.0,0,0,0.0,0.0,0,0,0.0,0.0,0,0,0.0,0.0,0,0,0.0,0.0,0,0,0.0,0.0,2,2,2.0,2.0,0,0,0.0,0.0,0,0,0.0,0.0,0,0,0.0,0.0,0,0,0.0,0.0,0,0,0.0,0.0,0,0,0.0,0.0,0,0,0.0,0.0,0,0,0.0,0.0,0,0,0.0,0.0,107,3,5.0,8.0
cmhc-schl,608,6,27.0,41.0,0,0,0.0,0.0,0,0,0.0,0.0,0,0,0.0,0.0,0,0,0.0,0.0,0,0,0.0,0.0,0,0,0.0,0.0,0,0,0.0,0.0,0,0,0.0,0.0,22,2,4.0,6.0,0,0,0.0,0.0,0,0,0.0,0.0,0,0,0.0,0.0,0,0,0.0,0.0,0,0,0.0,0.0,0,0,0.0,0.0,0,0,0.0,0.0,0,0,0.0,0.0,0,0,0.0,0.0,0,0,0.0,0.0,556,39,137.0,181.0,0,0,0.0,0.0,0,0,0.0,0.0,1186,47,168.0,228.0
cmhr-mcdp,26,0,0.0,2.0,24,0,2.0,4.0,0,0,0.0,0.0,0,0,0.0,0.0,0,0,0.0,0.0,0,0,0.0,0.0,0,0,0.0,0.0,0,0,0.0,0.0,0,0,0.0,0.0,65,3,19.0,42.0,0,0,0.0,0.0,0,0,0.0,0.0,0,0,0.0,0.0,0,0,0.0,0.0,0,0,0.0,0.0,0,0,0.0,0.0,0,0,0.0,0.0,0,0,0.0,0.0,0,0,0.0,0.0,0,0,0.0,0.0,54,3,19.0,34.0,0,0,0.0,0.0,0,0,0.0,0.0,169,6,40.0,82.0
cmip-mciq,9,0,1.0,1.0,57,3,4.0,6.0,0,0,0.0,0.0,0,0,0.0,0.0,0,0,0.0,0.0,0,0,0.0,0.0,0,0,0.0,0.0,0,0,0.0,0.0,0,0,0.0,0.0,50,0,19.0,19.0,0,0,0.0,0.0,0,0,0.0,0.0,0,0,0.0,0.0,5,0,2.0,2.0,0,0,0.0,0.0,0,0,0.0,0.0,0,0,0.0,0.0,0,0,0.0,0.0,0,0,0.0,0.0,0,0,0.0,0.0,54,0,30.0,30.0,1,0,1.0,1.0,0,0,0.0,0.0,176,3,57.0,59.0
cmn-mcn,23,0,0.0,0.0,39,0,0.0,0.0,0,0,0.0,0.0,0,0,0.0,0.0,0,0,0.0,0.0,0,0,0.0,0.0,0,0,0.0,0.0,0,0,0.0,0.0,0,0,0.0,0.0,21,4,5.0,6.0,6,0,1.0,3.0,0,0,0.0,0.0,0,0,0.0,0.0,0,0,0.0,0.0,0,0,0.0,0.0,0,0,0.0,0.0,0,0,0.0,0.0,0,0,0.0,0.0,0,0,0.0,0.0,2,0,0.0,0.0,72,9,9.0,32.0,2,0,2.0,2.0,0,0,0.0,0.0,165,13,17.0,43.0
cnlopb,133,0,0.0,1.0,45,0,2.0,5.0,0,0,0.0,0.0,0,0,0.0,0.0,0,0,0.0,0.0,0,0,0.0,0.0,0,0,0.0,0.0,0,0,0.0,0.0,0,0,0.0,0.0,0,0,0.0,0.0,0,0,0.0,0.0,0,0,0.0,0.0,0,0,0.0,0.0,0,0,0.0,0.0,0,0,0.0,0.0,0,0,0.0,0.0,0,0,0.0,0.0,0,0,0.0,0.0,0,0,0.0,0.0,0,0,0.0,0.0,0,0,0.0,0.0,0,0,0.0,0.0,0,0,0.0,0.0,178,0,2.0,6.0
cnsc-ccsn,1864,6,22.0,48.0,0,0,0.0,0.0,1328,20,56.0,149.0,1845,44,44.0,79.0,0,0,0.0,0.0,7,0,0.0,0.0,60,0,0.0,0.0,889,47,47.0,121.0,0,0,0.0,0.0,120,0,0.0,1.0,4,0,0.0,0.0,0,0,0.0,0.0,1,0,0.0,1.0,2,0,0.0,0.0,0,0,0.0,0.0,0,0,0.0,0.0,0,0,0.0,0.0,0,0,0.0,0.0,1,0,1.0,1.0,0,0,0.0,0.0,452,9,27.0,37.0,2,0,0.0,0.0,0,0,0.0,0.0,6575,126,197.0,437.0
cnsopb,5,0,0.0,0.0,40,1,2.0,5.0,0,0,0.0,0.0,0,0,0.0,0.0,0,0,0.0,0.0,0,0,0.0,0.0,0,0,0.0,0.0,0,0,0.0,0.0,0,0,0.0,0.0,0,0,0.0,0.0,0,0,0.0,0.0,0,0,0.0,0.0,0,0,0.0,0.0,0,0,0.0,0.0,0,0,0.0,0.0,0,0,0.0,0.0,0,0,0.0,0.0,0,0,0.0,0.0,0,0,0.0,0.0,0,0,0.0,0.0,0,0,0.0,0.0,0,0,0.0,0.0,0,0,0.0,0.0,45,1,2.0,5.0
cpata-cabamc,0,0,0.0,0.0,20,1,4.0,7.0,0,0,0.0,0.0,0,0,0.0,0.0,0,0,0.0,0.0,0,0,0.0,0.0,0,0,0.0,0.0,0,0,0.0,0.0,0,0,0.0,0.0,13,1,3.0,13.0,8,0,0.0,3.0,0,0,0.0,0.0,0,0,0.0,0.0,0,0,0.0,0.0,0,0,0.0,0.0,0,0,0.0,0.0,0,0,0.0,0.0,0,0,0.0,0.0,0,0,0.0,0.0,0,0,0.0,0.0,28,3,13.0,27.0,6,0,0.0,2.0,0,0,0.0,0.0,75,5,20.0,52.0
cpc-cpp,84,1,5.0,5.0,25,0,0.0,3.0,22,0,1.0,1.0,276,9,9.0,13.0,0,0,0.0,0.0,1,0,0.0,0.0,0,0,0.0,0.0,0,0,0.0,0.0,0,0,0.0,0.0,51,0,3.0,5.0,56,2,2.0,5.0,0,0,0.0,0.0,2,0,0.0,0.0,18,0,1.0,4.0,0,0,0.0,0.0,28,0,0.0,1.0,23,1,1.0,1.0,0,0,0.0,0.0,0,0,0.0,0.0,0,0,0.0,0.0,64,0,0.0,1.0,52,2,4.0,6.0,0,0,0.0,0.0,702,15,26.0,45.0
cpc-scp,142,2,5.0,13.0,4,0,0.0,1.0,0,0,0.0,0.0,0,0,0.0,0.0,0,0,0.0,0.0,0,0,0.0,0.0,0,0,0.0,0.0,0,0,0.0,0.0,0,0,0.0,0.0,0,0,0.0,0.0,0,0,0.0,0.0,0,0,0.0,0.0,0,0,0.0,0.0,0,0,0.0,0.0,0,0,0.0,0.0,0,0,0.0,0.0,0,0,0.0,0.0,0,0,0.0,0.0,0,0,0.0,0.0,0,0,0.0,0.0,0,0,0.0,0.0,0,0,0.0,0.0,0,0,0.0,0.0,146,2,5.0,14.0
cra-arc,6170,67,145.0,333.0,0,0,0.0,0.0,1722,23,71.0,116.0,42074,813,813.0,1068.0,0,0,0.0,0.0,6,0,0.0,1.0,0,0,0.0,0.0,5163,1325,1325.0,1536.0,20,0,0.0,0.0,1044,1,4.0,9.0,28,0,0.0,1.0,0,0,0.0,0.0,0,0,0.0,0.0,0,0,0.0,0.0,68,4,4.0,4.0,335,0,0.0,1.0,7,1,1.0,1.0,2,0,0.0,0.0,0,0,0.0,0.0,10,0,1.0,1.0,5008,27,98.0,163.0,7,0,0.0,0.0,1,0,0.0,0.0,61665,2261,2462.0,3234.0
crrf-fcrr,13,0,0.0,4.0,24,0,0.0,1.0,0,0,0.0,0.0,0,0,0.0,0.0,0,0,0.0,0.0,0,0,0.0,0.0,0,0,0.0,0.0,0,0,0.0,0.0,0,0,0.0,0.0,0,0,0.0,0.0,0,0,0.0,0.0,0,0,0.0,0.0,0,0,0.0,0.0,0,0,0.0,0.0,0,0,0.0,0.0,0,0,0.0,0.0,0,0,0.0,0.0,0,0,0.0,0.0,0,0,0.0,0.0,0,0,0.0,0.0,0,0,0.0,0.0,0,0,0.0,0.0,0,0,0.0,0.0,37,0,0.0,5.0
crtc,399,12,25.0,42.0,2,0,0.0,0.0,267,2,8.0,18.0,908,29,29.0,61.0,0,0,0.0,0.0,0,0,0.0,0.0,0,0,0.0,0.0,0,0,0.0,0.0,15,0,0.0,0.0,30,0,0.0,0.0,44,0,0.0,2.0,0,0,0.0,0.0,1,0,0.0,0.0,4,0,0.0,0.0,0,0,0.0,0.0,28,0,4.0,4.0,13,0,0.0,0.0,0,0,0.0,0.0,0,0,0.0,0.0,6,0,0.0,1.0,492,16,51.0,62.0,22,0,0.0,0.0,0,0,0.0,0.0,2231,59,117.0,190.0
csa-asc,385,2,3.0,6.0,13,0,2.0,2.0,209,3,15.0,26.0,3647,2,6.0,73.0,0,0,0.0,0.0,6,0,0.0,0.0,81,5,5.0,8.0,1535,19,22.0,98.0,0,0,0.0,0.0,76,1,1.0,1.0,45,0,2.0,5.0,0,0,0.0,0.0,1,0,0.0,0.0,8,0,0.0,0.0,0,0,0.0,0.0,16,0,0.0,1.0,17,1,1.0,2.0,0,0,0.0,0.0,1,0,0.0,0.0,7,0,0.0,0.0,560,5,27.0,39.0,10,0,0.0,0.0,0,0,0.0,0.0,6617,38,84.0,261.0
csc-scc,3353,55,97.0,188.0,0,0,0.0,0.0,1427,18,61.0,156.0,50397,1084,1087.0,2117.0,0,0,0.0,0.0,7,0,0.0,0.0,88,10,10.0,10.0,268,9,9.0,15.0,4,0,0.0,0.0,84,1,3.0,6.0,46,1,3.0,5.0,0,0,0.0,0.0,13,0,0.0,0.0,7,0,2.0,4.0,0,0,0.0,0.0,137,0,0.0,2.0,5,0,0.0,0.0,2,0,0.0,0.0,1,0,0.0,0.0,7,0,0.0,1.0,1673,11,33.0,58.0,21,1,3.0,3.0,0,0,0.0,0.0,57540,1190,1308.0,2565.0
csec-cstc,577,5,12.0,22.0,12,0,0.0,0.0,671,13,51.0,88.0,0,0,0.0,0.0,0,0,0.0,0.0,0,0,0.0,0.0,0,0,0.0,0.0,0,0,0.0,0.0,0,0,0.0,0.0,0,0,0.0,0.0,0,0,0.0,0.0,0,0,0.0,0.0,0,0,0.0,0.0,0,0,0.0,0.0,0,0,0.0,0.0,0,0,0.0,0.0,0,0,0.0,0.0,0,0,0.0,0.0,0,0,0.0,0.0,0,0,0.0,0.0,0,0,0.0,0.0,0,0,0.0,0.0,0,0,0.0,0.0,1260,18,63.0,110.0
csis-scrs,2212,44,66.0,85.0,0,0,0.0,0.0,839,27,27.0,47.0,0,0,0.0,0.0,0,0,0.0,0.0,0,0,0.0,0.0,0,0,0.0,0.0,0,0,0.0,0.0,0,0,0.0,0.0,0,0,0.0,0.0,0,0,0.0,0.0,0,0,0.0,0.0,0,0,0.0,0.0,0,0,0.0,0.0,0,0,0.0,0.0,0,0,0.0,0.0,0,0,0.0,0.0,0,0,0.0,0.0,0,0,0.0,0.0,0,0,0.0,0.0,0,0,0.0,0.0,0,0,0.0,0.0,0,0,0.0,0.0,3051,71,93.0,132.0
csps-efpc,266,1,8.0,12.0,16,0,1.0,1.0,275,2,4.0,13.0,922,27,27.0,44.0,0,0,0.0,0.0,7,0,0.0,0.0,0,0,0.0,0.0,0,0,0.0,0.0,0,0,0.0,0.0,102,0,0.0,0.0,46,0,2.0,5.0,0,0,0.0,0.0,0,0,0.0,0.0,0,0,0.0,0.0,0,0,0.0,0.0,46,0,0.0,0.0,18,1,1.0,2.0,0,0,0.0,0.0,0,0,0.0,0.0,0,0,0.0,0.0,154,6,12.0,17.0,26,1,1.0,2.0,0,0,0.0,0.0,1878,38,56.0,96.0
cstm-mstc,35,0,0.0,0.0,50,0,1.0,4.0,0,0,0.0,0.0,0,0,0.0,0.0,0,0,0.0,0.0,0,0,0.0,0.0,0,0,0.0,0.0,0,0,0.0,0.0,0,0,0.0,0.0,0,0,0.0,0.0,0,0,0.0,0.0,0,0,0.0,0.0,0,0,0.0,0.0,0,0,0.0,0.0,0,0,0.0,0.0,0,0,0.0,0.0,0,0,0.0,0.0,0,0,0.0,0.0,0,0,0.0,0.0,0,0,0.0,0.0,0,0,0.0,0.0,0,0,0.0,0.0,0,0,0.0,0.0,85,0,1.0,4.0
cta-otc,304,3,5.0,9.0,9,0,0.0,1.0,234,0,2.0,7.0,1176,16,16.0,36.0,0,0,0.0,0.0,4,0,0.0,0.0,0,0,0.0,0.0,0,0,0.0,0.0,0,0,0.0,0.0,26,0,1.0,1.0,62,1,2.0,5.0,0,0,0.0,0.0,6,0,0.0,0.0,0,0,0.0,0.0,0,0,0.0,0.0,8,0,0.0,1.0,32,0,0.0,1.0,0,0,0.0,0.0,1,0,0.0,0.0,8,0,1.0,1.0,148,2,2.0,4.0,34,0,2.0,4.0,0,0,0.0,0.0,2052,22,31.0,70.0
ctc-cct,16,0,0.0,0.0,56,3,3.0,6.0,0,0,0.0,0.0,0,0,0.0,0.0,0,0,0.0,0.0,0,0,0.0,0.0,0,0,0.0,0.0,0,0,0.0,0.0,0,0,0.0,0.0,0,0,0.0,0.0,0,0,0.0,0.0,0,0,0.0,0.0,0,0,0.0,0.0,0,0,0.0,0.0,0,0,0.0,0.0,0,0,0.0,0.0,0,0,0.0,0.0,0,0,0.0,0.0,0,0,0.0,0.0,0,0,0.0,0.0,0,0,0.0,0.0,0,0,0.0,0.0,0,0,0.0,0.0,72,3,3.0,6.0
cwa-aec,0,0,0.0,0.0,4,1,4.0,4.0,19,10,19.0,19.0,13,13,13.0,13.0,0,0,0.0,0.0,0,0,0.0,0.0,0,0,0.0,0.0,66,66,66.0,66.0,0,0,0.0,0.0,0,0,0.0,0.0,3,1,3.0,3.0,0,0,0.0,0.0,0,0,0.0,0.0,0,0,0.0,0.0,0,0,0.0,0.0,0,0,0.0,0.0,1,1,1.0,1.0,0,0,0.0,0.0,0,0,0.0,0.0,0,0,0.0,0.0,4,2,4.0,4.0,0,0,0.0,0.0,0,0,0.0,0.0,110,94,110.0,110.0
dcc-cdc,23,0,0.0,6.0,40,1,2.0,3.0,0,0,0.0,0.0,0,0,0.0,0.0,0,0,0.0,0.0,0,0,0.0,0.0,0,0,0.0,0.0,0,0,0.0,0.0,0,0,0.0,0.0,76,1,2.0,12.0,10,0,0.0,1.0,0,0,0.0,0.0,0,0,0.0,0.0,3,0,0.0,3.0,0,0,0.0,0.0,0,0,0.0,0.0,0,0,0.0,0.0,0,0,0.0,0.0,0,0,0.0,0.0,0,0,0.0,0.0,309,7,16.0,48.0,5,0,0.0,0.0,0,0,0.0,0.0,466,9,20.0,73.0
dfatd-maecd,11330,88,276.0,480.0,0,0,0.0,0.0,9226,83,217.0,405.0,71851,1106,1106.0,3159.0,0,0,0.0,0.0,7,0,0.0,0.0,103,4,4.0,8.0,13085,343,777.0,1206.0,0,0,0.0,0.0,35232,36,184.0,299.0,0,0,0.0,0.0,42,0,0.0,2.0,7,0,1.0,1.0,24,0,0.0,0.0,264,3,3.0,3.0,484,6,6.0,8.0,0,0,0.0,0.0,3,0,0.0,0.0,4,0,0.0,0.0,12,0,1.0,1.0,15153,96,253.0,393.0,0,0,0.0,0.0,19,0,1.0,1.0,156846,1765,2829.0,5966.0
dfi-ifd,1,0,0.0,0.0,22,0,2.0,5.0,0,0,0.0,0.0,0,0,0.0,0.0,0,0,0.0,0.0,0,0,0.0,0.0,0,0,0.0,0.0,0,0,0.0,0.0,0,0,0.0,0.0,47,1,7.0,12.0,3,0,1.0,2.0,0,0,0.0,0.0,0,0,0.0,0.0,0,0,0.0,0.0,0,0,0.0,0.0,0,0,0.0,0.0,0,0,0.0,0.0,0,0,0.0,0.0,0,0,0.0,0.0,1,0,0.0,1.0,42,3,6.0,12.0,3,0,0.0,0.0,0,0,0.0,0.0,119,4,16.0,32.0
dfo-mpo,4425,48,119.0,221.0,0,0,0.0,0.0,4683,69,200.0,403.0,107688,2472,2524.0,6240.0,1,0,0.0,0.0,7,0,0.0,0.0,79,3,3.0,6.0,16529,388,388.0,918.0,0,0,0.0,0.0,305,2,3.0,10.0,34,0,1.0,2.0,20,1,1.0,2.0,6,0,0.0,0.0,2,0,0.0,2.0,700,0,0.0,0.0,350,0,26.0,35.0,3,0,0.0,0.0,4,0,0.0,0.0,1,0,0.0,0.0,14,0,0.0,0.0,1957,28,73.0,149.0,7,0,0.0,0.0,0,0,0.0,0.0,136815,3011,3338.0,7988.0
dnd-mdn,13621,101,322.0,586.0,0,0,0.0,0.0,4048,32,135.0,290.0,318332,4253,4253.0,9555.0,0,0,0.0,0.0,7,0,0.0,0.0,104,0,0.0,4.0,761,34,34.0,83.0,4,0,0.0,0.0,1626,15,57.0,95.0,71,1,3.0,4.0,25,1,1.0,1.0,1,1,1.0,1.0,6,0,0.0,0.0,116,10,10.0,10.0,1255,8,8.0,8.0,0,0,0.0,0.0,3,0,0.0,0.0,1,0,0.0,0.0,13,0,0.0,0.0,5620,66,265.0,526.0,96,2,3.0,5.0,12,0,0.0,6.0,345722,4524,5092.0,11174.0
dpm-vpm,0,0,0.0,0.0,0,0,0.0,0.0,32,0,0.0,0.0,0,0,0.0,0.0,0,0,0.0,0.0,0,0,0.0,0.0,0,0,0.0,0.0,0,0,0.0,0.0,0,0,0.0,0.0,0,0,0.0,0.0,16,0,0.0,0.0,0,0,0.0,0.0,0,0,0.0,0.0,0,0,0.0,0.0,0,0,0.0,0.0,0,0,0.0,0.0,0,0,0.0,0.0,0,0,0.0,0.0,0,0,0.0,0.0,0,0,0.0,0.0,55,0,0.0,0.0,8,0,0.0,0.0,0,0,0.0,0.0,111,0,0.0,0.0
ec,4050,16,33.0,67.0,0,0,0.0,0.0,3754,48,154.0,326.0,65769,713,713.0,1346.0,0,0,0.0,0.0,7,0,0.0,0.0,113,4,4.0,8.0,7848,166,167.0,327.0,0,0,0.0,0.0,284,1,2.0,3.0,23,0,0.0,1.0,0,0,0.0,0.0,0,0,0.0,0.0,0,0,0.0,0.0,144,2,2.0,2.0,1006,48,48.0,107.0,0,0,0.0,0.0,0,0,0.0,0.0,0,0,0.0,0.0,14,0,1.0,1.0,1714,19,40.0,90.0,2,0,0.0,0.0,2,0,0.0,0.0,84730,1017,1164.0,2278.0
edc,116,0,0.0,1.0,12,0,2.0,3.0,0,0,0.0,0.0,0,0,0.0,0.0,0,0,0.0,0.0,0,0,0.0,0.0,0,0,0.0,0.0,0,0,0.0,0.0,0,0,0.0,0.0,298,20,79.0,127.0,0,0,0.0,0.0,0,0,0.0,0.0,0,0,0.0,0.0,1,0,0.0,0.0,0,0,0.0,0.0,0,0,0.0,0.0,0,0,0.0,0.0,0,0,0.0,0.0,0,0,0.0,0.0,1,0,0.0,1.0,355,30,94.0,171.0,0,0,0.0,0.0,0,0,0.0,0.0,783,50,175.0,303.0
elections,754,3,5.0,13.0,4,0,0.0,0.0,1206,68,68.0,90.0,3029,43,43.0,93.0,0,0,0.0,0.0,6,0,0.0,1.0,0,0,0.0,0.0,0,0,0.0,0.0,0,0,0.0,0.0,29,1,1.0,3.0,48,0,2.0,3.0,5,0,0.0,0.0,6,0,0.0,-1.0,0,0,0.0,0.0,0,0,0.0,0.0,42,0,0.0,2.0,13,1,1.0,1.0,0,0,0.0,0.0,0,0,0.0,-1.0,0,0,0.0,0.0,119,3,5.0,12.0,26,0,0.0,1.0,0,0,0.0,0.0,5287,119,125.0,217.0
erc-cee,8,1,1.0,1.0,52,0,1.0,5.0,0,0,0.0,0.0,35,0,1.0,2.0,6,0,0.0,0.0,2,0,0.0,0.0,0,0,0.0,0.0,0,0,0.0,0.0,0,0,0.0,0.0,6,0,0.0,0.0,59,1,2.0,6.0,0,0,0.0,0.0,0,0,0.0,0.0,0,0,0.0,0.0,0,0,0.0,0.0,0,0,0.0,0.0,3,0,0.0,0.0,0,0,0.0,0.0,0,0,0.0,0.0,0,0,0.0,0.0,28,-1,0.0,1.0,55,1,1.0,4.0,0,0,0.0,0.0,254,2,6.0,19.0
esdc-edsc,2210,57,132.0,221.0,0,0,0.0,0.0,7146,106,360.0,643.0,37304,432,439.0,903.0,0,0,0.0,0.0,7,0,0.0,0.0,91,0,3.0,3.0,313774,584,584.0,29620.0,0,0,0.0,0.0,3354,1,3.0,16.0,0,0,0.0,0.0,58,0,0.0,6.0,12,0,0.0,0.0,12,0,0.0,1.0,598,90,91.0,91.0,117,5,5.0,6.0,6,0,0.0,0.0,11,0,0.0,0.0,10,0,0.0,0.0,14,0,1.0,1.0,12937,67,255.0,467.0,0,0,0.0,0.0,3,0,0.0,0.0,377664,1342,1873.0,31978.0
exi,0,0,0.0,0.0,23,0,4.0,5.0,0,0,0.0,0.0,0,0,0.0,0.0,0,0,0.0,0.0,0,0,0.0,0.0,0,0,0.0,0.0,0,0,0.0,0.0,0,0,0.0,0.0,0,0,0.0,0.0,0,0,0.0,0.0,0,0,0.0,0.0,0,0,0.0,0.0,0,0,0.0,0.0,0,0,0.0,0.0,0,0,0.0,0.0,0,0,0.0,0.0,0,0,0.0,0.0,0,0,0.0,0.0,0,0,0.0,0.0,0,0,0.0,0.0,0,0,0.0,0.0,0,0,0.0,0.0,23,0,4.0,5.0
fbcl-spfl,22,0,1.0,2.0,55,1,2.0,4.0,0,0,0.0,0.0,0,0,0.0,0.0,0,0,0.0,0.0,0,0,0.0,0.0,0,0,0.0,0.0,0,0,0.0,0.0,0,0,0.0,0.0,3,2,2.0,2.0,7,7,7.0,7.0,0,0,0.0,0.0,0,0,0.0,0.0,9,0,0.0,4.0,0,0,0.0,0.0,0,0,0.0,0.0,0,0,0.0,0.0,0,0,0.0,0.0,0,0,0.0,0.0,0,0,0.0,0.0,106,13,41.0,71.0,0,0,0.0,0.0,0,0,0.0,0.0,202,23,53.0,90.0
fcac-acfc,90,2,5.0,7.0,33,0,1.0,3.0,101,0,1.0,3.0,1454,27,34.0,55.0,0,0,0.0,0.0,7,0,0.0,0.0,0,0,0.0,0.0,0,0,0.0,0.0,0,0,0.0,0.0,191,0,1.0,1.0,45,1,2.0,3.0,0,0,0.0,0.0,6,0,0.0,3.0,20,0,6.0,6.0,0,0,0.0,0.0,0,0,0.0,0.0,0,0,0.0,0.0,0,0,0.0,0.0,0,0,0.0,0.0,10,0,0.0,1.0,569,3,12.0,16.0,35,0,0.0,1.0,0,0,0.0,0.0,2561,33,62.0,99.0
fcc-fac,7,0,0.0,0.0,15,0,1.0,4.0,0,0,0.0,0.0,0,0,0.0,0.0,0,0,0.0,0.0,0,0,0.0,0.0,0,0,0.0,0.0,0,0,0.0,0.0,0,0,0.0,0.0,310,18,34.0,78.0,24,0,0.0,0.0,0,0,0.0,0.0,0,0,0.0,0.0,0,0,0.0,0.0,0,0,0.0,0.0,0,0,0.0,0.0,0,0,0.0,0.0,0,0,0.0,0.0,0,0,0.0,0.0,8,0,0.0,0.0,1490,66,216.0,417.0,15,0,0.0,0.0,0,0,0.0,0.0,1869,84,251.0,499.0
feddevontario,254,2,2.0,7.0,10,0,2.0,3.0,621,9,28.0,45.0,998,9,9.0,18.0,0,0,0.0,0.0,7,0,0.0,0.0,0,0,0.0,0.0,4603,51,51.0,203.0,0,0,0.0,0.0,153,0,0.0,1.0,43,1,3.0,5.0,0,0,0.0,0.0,1,0,0.0,0.0,2,0,0.0,0.0,22,0,0.0,0.0,22,1,1.0,1.0,45,0,0.0,0.0,3,0,0.0,0.0,1,0,0.0,0.0,9,0,1.0,1.0,1891,16,35.0,67.0,21,0,0.0,0.0,0,0,0.0,0.0,8706,89,132.0,351.0
fednor,3,1,1.0,1.0,27,1,2.0,6.0,251,15,20.0,36.0,31,4,4.0,6.0,0,0,0.0,0.0,1,0,0.0,0.0,0,0,0.0,0.0,1037,0,16.0,50.0,0,0,0.0,0.0,8,0,0.0,2.0,25,0,2.0,5.0,0,0,0.0,0.0,2,0,0.0,1.0,1,0,0.0,1.0,6,0,0.0,0.0,1,0,0.0,0.0,0,0,0.0,0.0,0,0,0.0,0.0,1,0,0.0,0.0,3,0,0.0,1.0,40,0,0.0,7.0,5,0,2.0,3.0,0,0,0.0,0.0,1442,21,47.0,119.0
ffmc-ocped,0,0,0.0,0.0,18,0,3.0,9.0,0,0,0.0,0.0,0,0,0.0,0.0,0,0,0.0,0.0,0,0,0.0,0.0,0,0,0.0,0.0,0,0,0.0,0.0,0,0,0.0,0.0,0,0,0.0,0.0,0,0,0.0,0.0,0,0,0.0,0.0,0,0,0.0,0.0,0,0,0.0,0.0,0,0,0.0,0.0,0,0,0.0,0.0,0,0,0.0,0.0,0,0,0.0,0.0,0,0,0.0,0.0,0,0,0.0,0.0,0,0,0.0,0.0,0,0,0.0,0.0,0,0,0.0,0.0,18,0,3.0,9.0
fin,6394,39,149.0,282.0,2,0,0.0,0.0,4082,47,184.0,344.0,4215,32,32.0,54.0,0,0,0.0,0.0,7,0,0.0,0.0,76,4,4.0,7.0,173,0,0.0,8.0,1,0,0.0,0.0,704,0,3.0,11.0,22,2,2.0,2.0,0,0,0.0,0.0,0,0,0.0,0.0,0,0,0.0,0.0,18,2,2.0,2.0,7,0,0.0,0.0,14,0,0.0,0.0,2,0,0.0,0.0,0,0,0.0,0.0,8,0,0.0,0.0,7263,21,70.0,152.0,5,0,0.0,0.0,0,0,0.0,0.0,22993,147,446.0,862.0
fintrac-canafe,224,2,4.0,10.0,11,0,1.0,2.0,139,1,7.0,13.0,1627,38,64.0,64.0,0,0,0.0,0.0,2,0,0.0,0.0,0,0,0.0,0.0,0,0,0.0,0.0,0,0,0.0,0.0,774,1,3.0,5.0,32,0,0.0,0.0,0,0,0.0,0.0,1,0,0.0,0.0,7,0,0.0,1.0,0,0,0.0,0.0,0,0,0.0,0.0,0,0,0.0,0.0,0,0,0.0,0.0,1,0,0.0,0.0,0,0,0.0,0.0,621,5,16.0,27.0,24,0,0.0,0.0,0,0,0.0,0.0,3463,47,95.0,122.0
fja-cmf,0,0,0.0,0.0,0,0,0.0,0.0,0,0,0.0,0.0,741,26,26.0,44.0,0,0,0.0,0.0,7,0,0.0,0.0,0,0,0.0,0.0,0,0,0.0,0.0,0,0,0.0,0.0,65,0,1.0,4.0,28,3,4.0,4.0,0,0,0.0,0.0,0,0,0.0,0.0,0,0,0.0,0.0,0,0,0.0,0.0,11,0,0.0,1.0,20,1,1.0,1.0,0,0,0.0,0.0,0,0,0.0,0.0,7,0,1.0,1.0,74,0,6.0,9.0,30,1,1.0,2.0,0,0,0.0,0.0,983,31,40.0,66.0
fnfmb-cgfpn,1,0,0.0,1.0,41,0,3.0,9.0,0,0,0.0,0.0,0,0,0.0,0.0,0,0,0.0,0.0,0,0,0.0,0.0,0,0,0.0,0.0,0,0,0.0,0.0,0,0,0.0,0.0,0,0,0.0,0.0,0,0,0.0,0.0,0,0,0.0,0.0,0,0,0.0,0.0,0,0,0.0,0.0,0,0,0.0,0.0,0,0,0.0,0.0,0,0,0.0,0.0,0,0,0.0,0.0,0,0,0.0,0.0,0,0,0.0,0.0,0,0,0.0,0.0,0,0,0.0,0.0,0,0,0.0,0.0,42,0,3.0,10.0
fntc-cfpn,5,0,0.0,0.0,52,0,0.0,0.0,0,0,0.0,0.0,0,0,0.0,0.0,0,0,0.0,0.0,0,0,0.0,0.0,0,0,0.0,0.0,0,0,0.0,0.0,0,0,0.0,0.0,0,0,0.0,0.0,0,0,0.0,0.0,0,0,0.0,0.0,0,0,0.0,0.0,0,0,0.0,0.0,0,0,0.0,0.0,0,0,0.0,0.0,0,0,0.0,0.0,0,0,0.0,0.0,0,0,0.0,0.0,0,0,0.0,0.0,0,0,0.0,0.0,0,0,0.0,0.0,0,0,0.0,0.0,57,0,0.0,0.0
fpcc-cpac,12,6,6.0,6.0,31,2,2.0,7.0,5,0,0.0,0.0,42,7,7.0,7.0,13,0,0.0,0.0,7,0,0.0,0.0,0,0,0.0,0.0,0,0,0.0,0.0,32,0,0.0,0.0,87,0,3.0,3.0,32,0,0.0,0.0,0,0,0.0,0.0,0,0,0.0,0.0,0,0,0.0,0.0,0,0,0.0,0.0,2,0,0.0,0.0,25,0,0.0,0.0,0,0,0.0,0.0,0,0,0.0,0.0,9,0,0.0,0.0,415,17,21.0,58.0,16,0,0.0,0.0,0,0,0.0,0.0,728,32,39.0,81.0
fraidg-ciafimd,2,0,0.0,0.0,59,1,4.0,6.0,0,0,0.0,0.0,0,0,0.0,0.0,0,0,0.0,0.0,0,0,0.0,0.0,0,0,0.0,0.0,0,0,0.0,0.0,0,0,0.0,0.0,4,1,1.0,1.0,45,2,3.0,19.0,0,0,0.0,0.0,0,0,0.0,0.0,0,0,0.0,0.0,0,0,0.0,0.0,0,0,0.0,0.0,0,0,0.0,0.0,0,0,0.0,0.0,0,0,0.0,0.0,0,0,0.0,0.0,25,3,6.0,8.0,31,0,0.0,6.0,0,0,0.0,0.0,166,7,14.0,40.0
ghl-lgc,0,0,0.0,0.0,0,0,0.0,0.0,97,0,0.0,0.0,0,0,0.0,0.0,0,0,0.0,0.0,0,0,0.0,0.0,0,0,0.0,0.0,0,0,0.0,0.0,0,0,0.0,0.0,0,0,0.0,0.0,15,0,0.0,0.0,0,0,0.0,0.0,0,0,0.0,0.0,0,0,0.0,0.0,0,0,0.0,0.0,0,0,0.0,0.0,0,0,0.0,0.0,0,0,0.0,0.0,0,0,0.0,0.0,0,0,0.0,0.0,17,0,0.0,0.0,9,0,0.0,0.0,0,0,0.0,0.0,138,0,0.0,0.0
glpa-apgl,5,0,0.0,0.0,57,1,4.0,6.0,0,0,0.0,0.0,0,0,0.0,0.0,0,0,0.0,0.0,0,0,0.0,0.0,0,0,0.0,0.0,0,0,0.0,0.0,0,0,0.0,0.0,0,0,0.0,0.0,0,0,0.0,0.0,0,0,0.0,0.0,0,0,0.0,0.0,0,0,0.0,0.0,0,0,0.0,0.0,0,0,0.0,0.0,0,0,0.0,0.0,0,0,0.0,0.0,0,0,0.0,0.0,0,0,0.0,0.0,0,0,0.0,0.0,0,0,0.0,0.0,0,0,0.0,0.0,62,1,4.0,6.0
glwb-ogte,0,0,0.0,0.0,60,1,2.0,5.0,0,0,0.0,0.0,0,0,0.0,0.0,0,0,0.0,0.0,0,0,0.0,0.0,0,0,0.0,0.0,0,0,0.0,0.0,0,0,0.0,0.0,0,0,0.0,0.0,0,0,0.0,0.0,0,0,0.0,0.0,0,0,0.0,0.0,0,0,0.0,0.0,0,0,0.0,0.0,0,0,0.0,0.0,0,0,0.0,0.0,0,0,0.0,0.0,0,0,0.0,0.0,0,0,0.0,0.0,0,0,0.0,0.0,0,0,0.0,0.0,0,0,0.0,0.0,60,1,2.0,5.0
halpa-aphal,7,0,-2.0,0.0,33,1,3.0,4.0,0,0,0.0,0.0,0,0,0.0,0.0,0,0,0.0,0.0,0,0,0.0,0.0,0,0,0.0,0.0,0,0,0.0,0.0,0,0,0.0,0.0,0,0,0.0,0.0,0,0,0.0,0.0,0,0,0.0,0.0,0,0,0.0,0.0,0,0,0.0,0.0,0,0,0.0,0.0,0,0,0.0,0.0,0,0,0.0,0.0,0,0,0.0,0.0,0,0,0.0,0.0,0,0,0.0,0.0,0,0,0.0,0.0,0,0,0.0,0.0,0,0,0.0,0.0,40,1,1.0,4.0
hampa-apham,18,0,0.0,0.0,57,3,5.0,7.0,0,0,0.0,0.0,0,0,0.0,0.0,0,0,0.0,0.0,0,0,0.0,0.0,0,0,0.0,0.0,0,0,0.0,0.0,0,0,0.0,0.0,0,0,0.0,0.0,0,0,0.0,0.0,0,0,0.0,0.0,0,0,0.0,0.0,0,0,0.0,0.0,0,0,0.0,0.0,0,0,0.0,0.0,0,0,0.0,0.0,0,0,0.0,0.0,0,0,0.0,0.0,0,0,0.0,0.0,0,0,0.0,0.0,0,0,0.0,0.0,0,0,0.0,0.0,75,3,5.0,7.0
hc-sc,14914,115,373.0,671.0,0,0,0.0,0.0,4324,59,224.0,416.0,13077,279,279.0,525.0,0,0,0.0,0.0,7,0,0.0,0.0,102,0,4.0,4.0,1795,85,85.0,114.0,0,0,0.0,0.0,209,2,8.0,13.0,29,0,0.0,0.0,51,1,2.0,7.0,12,0,0.0,1.0,5,0,0.0,0.0,592,5,5.0,5.0,508,0,4.0,8.0,1,0,0.0,0.0,3,0,0.0,0.0,3,0,1.0,1.0,6,0,0.0,0.0,1468,33,76.0,153.0,9,0,0.0,0.0,0,0,0.0,0.0,37115,579,1061.0,1918.0
hgr-tgf,0,0,0.0,0.0,0,0,0.0,0.0,0,0,0.0,0.0,0,0,0.0,0.0,0,0,0.0,0.0,0,0,0.0,0.0,0,0,0.0,0.0,0,0,0.0,0.0,0,0,0.0,0.0,89,0,17.0,89.0,0,0,0.0,0.0,0,0,0.0,0.0,0,0,0.0,0.0,0,0,0.0,0.0,0,0,0.0,0.0,0,0,0.0,0.0,0,0,0.0,0.0,0,0,0.0,0.0,0,0,0.0,0.0,0,0,0.0,0.0,218,14,76.0,218.0,0,0,0.0,0.0,0,0,0.0,0.0,307,14,93.0,307.0
hsmbc-clmhc,1,0,0.0,1.0,20,1,2.0,5.0,0,0,0.0,0.0,0,0,0.0,0.0,0,0,0.0,0.0,0,0,0.0,0.0,0,0,0.0,0.0,0,0,0.0,0.0,0,0,0.0,0.0,0,0,0.0,0.0,0,0,0.0,0.0,0,0,0.0,0.0,0,0,0.0,0.0,0,0,0.0,0.0,0,0,0.0,0.0,0,0,0.0,0.0,0,0,0.0,0.0,0,0,0.0,0.0,0,0,0.0,0.0,0,0,0.0,0.0,0,0,0.0,0.0,0,0,0.0,0.0,0,0,0.0,0.0,21,1,2.0,6.0
iaac-aeic,431,1,2.0,7.0,4,0,1.0,1.0,797,10,32.0,73.0,1278,0,0.0,56.0,0,0,0.0,0.0,2,0,0.0,0.0,0,0,0.0,0.0,3627,96,228.0,338.0,0,0,0.0,0.0,36,1,3.0,3.0,46,0,1.0,4.0,7,0,0.0,0.0,9,0,0.0,0.0,25,0,2.0,2.0,0,0,0.0,0.0,26,0,0.0,1.0,61,0,1.0,2.0,2,0,0.0,0.0,1,0,0.0,0.0,0,0,0.0,0.0,207,3,15.0,24.0,25,0,0.0,1.0,0,0,0.0,0.0,6584,111,285.0,512.0
ic,8038,44,179.0,380.0,0,0,0.0,0.0,7740,150,534.0,886.0,14998,0,4043.0,4043.0,0,0,0.0,0.0,3,0,0.0,0.0,78,0,0.0,0.0,41009,1805,1803.0,3104.0,1,0,0.0,0.0,493,-2,1.0,6.0,7,1,2.0,2.0,0,0,0.0,0.0,0,0,0.0,0.0,8,0,0.0,2.0,213,40,40.0,40.0,274,0,2.0,3.0,4,0,0.0,0.0,0,0,0.0,0.0,1,0,0.0,0.0,8,0,0.0,1.0,5539,77,196.0,343.0,0,0,0.0,0.0,1,0,0.0,0.0,78415,2115,6800.0,8810.0
idrc-crdi,31,0,0.0,1.0,53,1,3.0,4.0,0,0,0.0,0.0,0,0,0.0,0.0,0,0,0.0,0.0,0,0,0.0,0.0,0,0,0.0,0.0,0,0,0.0,0.0,0,0,0.0,0.0,0,0,0.0,0.0,0,0,0.0,0.0,0,0,0.0,0.0,0,0,0.0,0.0,0,0,0.0,0.0,0,0,0.0,0.0,0,0,0.0,0.0,0,0,0.0,0.0,0,0,0.0,0.0,0,0,0.0,0.0,0,0,0.0,0.0,0,0,0.0,0.0,0,0,0.0,0.0,0,0,0.0,0.0,84,1,3.0,5.0
iga-aig,0,0,0.0,0.0,0,0,0.0,0.0,122,0,0.0,0.0,0,0,0.0,0.0,0,0,0.0,0.0,0,0,0.0,0.0,0,0,0.0,0.0,0,0,0.0,0.0,0,0,0.0,0.0,0,0,0.0,0.0,0,0,0.0,0.0,0,0,0.0,0.0,0,0,0.0,0.0,0,0,0.0,0.0,6,0,0.0,0.0,0,0,0.0,0.0,0,0,0.0,0.0,0,0,0.0,0.0,0,0,0.0,0.0,0,0,0.0,0.0,0,0,0.0,0.0,0,0,0.0,0.0,0,0,0.0,0.0,128,0,0.0,0.0
iic-iac,14,0,2.0,2.0,23,1,2.0,4.0,0,0,0.0,0.0,409,23,16.0,26.0,0,0,0.0,0.0,0,0,0.0,0.0,0,0,0.0,0.0,0,0,0.0,0.0,0,0,0.0,0.0,62,3,4.0,9.0,13,0,0.0,0.0,0,0,0.0,0.0,0,0,0.0,0.0,11,0,0.0,0.0,0,0,0.0,0.0,0,0,0.0,0.0,0,0,0.0,0.0,0,0,0.0,0.0,0,0,0.0,0.0,0,0,0.0,0.0,204,9,24.0,31.0,7,0,0.0,0.0,0,0,0.0,0.0,743,36,48.0,72.0
ijc-cmi,0,0,0.0,0.0,0,0,0.0,0.0,0,0,0.0,0.0,263,5,16.0,16.0,0,0,0.0,0.0,0,0,0.0,0.0,0,0,0.0,0.0,0,0,0.0,0.0,0,0,0.0,0.0,69,14,17.0,17.0,0,0,0.0,0.0,0,0,0.0,0.0,0,0,0.0,0.0,0,0,0.0,0.0,0,0,0.0,0.0,0,0,0.0,0.0,0,0,0.0,0.0,0,0,0.0,0.0,0,0,0.0,0.0,0,0,0.0,0.0,290,9,24.0,24.0,3,0,0.0,0.0,0,0,0.0,0.0,625,28,57.0,57.0
infc,2189,0,40.0,61.0,1,0,0.0,0.0,3727,47,144.0,256.0,1099,40,40.0,66.0,0,0,0.0,0.0,7,0,0.0,0.0,107,5,5.0,9.0,1503,113,113.0,199.0,0,0,0.0,0.0,114,2,7.0,15.0,0,0,0.0,0.0,0,0,0.0,0.0,0,0,0.0,0.0,0,0,0.0,0.0,116,4,4.0,4.0,18,1,1.0,1.0,0,0,0.0,0.0,0,0,0.0,0.0,0,0,0.0,0.0,9,0,0.0,1.0,1489,25,89.0,140.0,0,0,0.0,0.0,1,0,0.0,0.0,10380,237,443.0,752.0
innovation,26,0,2.0,2.0,55,1,2.0,4.0,0,0,0.0,0.0,0,0,0.0,0.0,0,0,0.0,0.0,0,0,0.0,0.0,0,0,0.0,0.0,0,0,0.0,0.0,0,0,0.0,0.0,76,6,10.0,15.0,41,0,0.0,1.0,0,0,0.0,0.0,0,0,0.0,0.0,0,0,0.0,0.0,0,0,0.0,0.0,0,0,0.0,0.0,0,0,0.0,0.0,0,0,0.0,0.0,0,0,0.0,0.0,0,0,0.0,0.0,319,24,37.0,58.0,26,0,0.0,0.0,0,0,0.0,0.0,543,31,51.0,80.0
irb-cisr,804,8,23.0,38.0,0,0,0.0,0.0,874,7,32.0,68.0,4185,249,249.0,506.0,0,0,0.0,0.0,5,0,0.0,0.0,0,0,0.0,0.0,0,0,0.0,0.0,0,0,0.0,0.0,27,0,0.0,2.0,54,1,3.0,6.0,0,0,0.0,0.0,0,0,0.0,0.0,0,0,0.0,0.0,0,0,0.0,0.0,149,0,0.0,1.0,6,0,0.0,0.0,0,0,0.0,0.0,0,0,0.0,0.0,5,0,0.0,0.0,202,7,16.0,23.0,25,0,0.0,1.0,0,0,0.0,0.0,6336,272,323.0,645.0
isc-sac,1611,42,70.0,114.0,10,0,0.0,0.0,3729,59,182.0,348.0,6755,234,234.0,450.0,0,0,0.0,0.0,0,0,0.0,0.0,91,0,10.0,10.0,126957,4736,4736.0,9610.0,1,0,0.0,0.0,82,0,5.0,12.0,0,0,0.0,0.0,7,0,0.0,0.0,0,0,0.0,0.0,9,0,0.0,0.0,253,0,0.0,0.0,30,7,7.0,12.0,14,0,0.0,0.0,0,0,0.0,0.0,0,0,0.0,0.0,0,0,0.0,0.0,1060,36,76.0,109.0,1,0,0.0,0.0,0,0,0.0,0.0,140610,5114,5320.0,10665.0
jccbi-pjcci,106,0,0.0,0.0,47,1,3.0,6.0,0,0,0.0,0.0,0,0,0.0,0.0,0,0,0.0,0.0,0,0,0.0,0.0,0,0,0.0,0.0,0,0,0.0,0.0,0,0,0.0,0.0,0,0,0.0,0.0,0,0,0.0,0.0,0,0,0.0,0.0,0,0,0.0,0.0,0,0,0.0,0.0,0,0,0.0,0.0,0,0,0.0,0.0,0,0,0.0,0.0,0,0,0.0,0.0,0,0,0.0,0.0,0,0,0.0,0.0,0,0,0.0,0.0,0,0,0.0,0.0,0,0,0.0,0.0,153,1,3.0,6.0
jfpc-cfp,0,0,0.0,0.0,0,0,0.0,0.0,0,0,0.0,0.0,0,0,0.0,0.0,0,0,0.0,0.0,0,0,0.0,0.0,0,0,0.0,0.0,0,0,0.0,0.0,0,0,0.0,0.0,0,0,0.0,0.0,16,0,0.0,0.0,0,0,0.0,0.0,0,0,0.0,0.0,0,0,0.0,0.0,0,0,0.0,0.0,0,0,0.0,0.0,0,0,0.0,0.0,0,0,0.0,0.0,0,0,0.0,0.0,0,0,0.0,0.0,40,0,0.0,0.0,5,0,0.0,0.0,0,0,0.0,0.0,61,0,0.0,0.0
jus,3999,11,52.0,68.0,0,0,0.0,0.0,4117,36,168.0,289.0,3882,108,108.0,219.0,0,0,0.0,0.0,7,0,0.0,0.0,82,3,3.0,6.0,3941,125,125.0,209.0,1,0,0.0,0.0,309,6,11.0,19.0,26,0,0.0,0.0,49,0,0.0,49.0,3,0,0.0,3.0,2,0,0.0,0.0,21,0,0.0,0.0,924,1,1.0,1.0,1,0,0.0,0.0,3,0,0.0,0.0,0,0,0.0,0.0,8,0,1.0,1.0,992,17,49.0,126.0,11,0,0.0,0.0,0,0,0.0,0.0,18378,307,518.0,990.0
lac-bac,6824,86,323.0,610.0,0,0,0.0,0.0,265,3,7.0,11.0,2238,67,67.0,87.0,0,0,0.0,0.0,7,0,0.0,0.0,0,0,0.0,0.0,285,0,0.0,0.0,0,0,0.0,0.0,28,0,2.0,2.0,49,2,3.0,6.0,0,0,0.0,0.0,0,0,0.0,0.0,6,0,0.0,0.0,0,0,0.0,0.0,173,2,67.0,70.0,0,0,0.0,0.0,0,0,0.0,0.0,1,0,0.0,0.0,9,0,1.0,1.0,126,4,9.0,12.0,24,1,1.0,2.0,0,0,0.0,0.0,10035,165,480.0,801.0
lpa-apl,12,0,0.0,2.0,55,0,1.0,5.0,0,0,0.0,0.0,0,0,0.0,0.0,0,0,0.0,0.0,0,0,0.0,0.0,0,0,0.0,0.0,0,0,0.0,0.0,0,0,0.0,0.0,0,0,0.0,0.0,0,0,0.0,0.0,0,0,0.0,0.0,0,0,0.0,0.0,0,0,0.0,0.0,0,0,0.0,0.0,0,0,0.0,0.0,0,0,0.0,0.0,0,0,0.0,0.0,0,0,0.0,0.0,0,0,0.0,0.0,0,0,0.0,0.0,0,0,0.0,0.0,0,0,0.0,0.0,67,0,1.0,7.0
mai,56,0,0.0,0.0,28,1,3.0,6.0,0,0,0.0,0.0,0,0,0.0,0.0,0,0,0.0,0.0,0,0,0.0,0.0,0,0,0.0,0.0,0,0,0.0,0.0,0,0,0.0,0.0,0,0,0.0,0.0,0,0,0.0,0.0,0,0,0.0,0.0,0,0,0.0,0.0,0,0,0.0,0.0,0,0,0.0,0.0,0,0,0.0,0.0,0,0,0.0,0.0,0,0,0.0,0.0,0,0,0.0,0.0,0,0,0.0,0.0,0,0,0.0,0.0,0,0,0.0,0.0,0,0,0.0,0.0,84,1,3.0,6.0
mdi-mid,0,0,0.0,0.0,0,0,0.0,0.0,21,0,0.0,0.0,0,0,0.0,0.0,0,0,0.0,0.0,0,0,0.0,0.0,0,0,0.0,0.0,0,0,0.0,0.0,0,0,0.0,0.0,0,0,0.0,0.0,0,0,0.0,0.0,0,0,0.0,0.0,0,0,0.0,0.0,0,0,0.0,0.0,0,0,0.0,0.0,0,0,0.0,0.0,0,0,0.0,0.0,0,0,0.0,0.0,0,0,0.0,0.0,0,0,0.0,0.0,0,0,0.0,0.0,0,0,0.0,0.0,0,0,0.0,0.0,21,0,0.0,0.0
mgerc-ceegm,57,1,1.0,2.0,50,0,2.0,4.0,0,0,0.0,0.0,263,5,5.0,7.0,2,0,0.0,0.0,8,0,0.0,0.0,0,0,0.0,0.0,0,0,0.0,0.0,0,0,0.0,0.0,32,0,0.0,0.0,95,1,3.0,6.0,0,0,0.0,0.0,1,0,0.0,0.0,0,0,0.0,0.0,0,0,0.0,0.0,7,0,0.0,1.0,13,1,1.0,1.0,0,0,0.0,0.0,1,0,0.0,1.0,8,0,1.0,1.0,147,0,0.0,0.0,72,1,3.0,6.0,0,0,0.0,0.0,756,9,16.0,29.0
miga-maig,0,0,0.0,0.0,0,0,0.0,0.0,13,0,0.0,0.0,0,0,0.0,0.0,0,0,0.0,0.0,0,0,0.0,0.0,0,0,0.0,0.0,0,0,0.0,0.0,0,0,0.0,0.0,5,0,0.0,0.0,7,0,0.0,0.0,0,0,0.0,0.0,0,0,0.0,0.0,0,0,0.0,0.0,0,0,0.0,0.0,0,0,0.0,0.0,0,0,0.0,0.0,0,0,0.0,0.0,0,0,0.0,0.0,0,0,0.0,0.0,45,0,0.0,0.0,0,0,0.0,0.0,0,0,0.0,0.0,70,0,0.0,0.0
mint-monnaie,91,0,0.0,1.0,33,1,3.0,5.0,0,0,0.0,0.0,0,0,0.0,0.0,0,0,0.0,0.0,0,0,0.0,0.0,0,0,0.0,0.0,0,0,0.0,0.0,0,0,0.0,0.0,0,0,0.0,0.0,0,0,0.0,0.0,0,0,0.0,0.0,0,0,0.0,0.0,0,0,0.0,0.0,0,0,0.0,0.0,0,0,0.0,0.0,0,0,0.0,0.0,0,0,0.0,0.0,0,0,0.0,0.0,0,0,0.0,0.0,0,0,0.0,0.0,0,0,0.0,0.0,0,0,0.0,0.0,124,1,3.0,6.0
mlvwb-otevm,1,0,1.0,1.0,59,1,1.0,4.0,0,0,0.0,0.0,0,0,0.0,0.0,0,0,0.0,0.0,0,0,0.0,0.0,0,0,0.0,0.0,0,0,0.0,0.0,0,0,0.0,0.0,0,0,0.0,0.0,0,0,0.0,0.0,0,0,0.0,0.0,0,0,0.0,0.0,0,0,0.0,0.0,0,0,0.0,0.0,0,0,0.0,0.0,0,0,0.0,0.0,0,0,0.0,0.0,0,0,0.0,0.0,0,0,0.0,0.0,0,0,0.0,0.0,0,0,0.0,0.0,0,0,0.0,0.0,60,1,2.0,5.0
mpa-apm,71,4,5.0,16.0,13,0,1.0,2.0,0,0,0.0,0.0,0,0,0.0,0.0,0,0,0.0,0.0,0,0,0.0,0.0,0,0,0.0,0.0,0,0,0.0,0.0,0,0,0.0,0.0,0,0,0.0,0.0,0,0,0.0,0.0,0,0,0.0,0.0,0,0,0.0,0.0,0,0,0.0,0.0,0,0,0.0,0.0,0,0,0.0,0.0,0,0,0.0,0.0,0,0,0.0,0.0,0,0,0.0,0.0,0,0,0.0,0.0,0,0,0.0,0.0,0,0,0.0,0.0,0,0,0.0,0.0,84,4,6.0,18.0
mpcc-cppm,139,0,1.0,3.0,31,0,1.0,3.0,140,2,6.0,12.0,223,5,5.0,9.0,0,0,0.0,0.0,6,0,0.0,0.0,0,0,0.0,0.0,0,0,0.0,0.0,0,0,0.0,0.0,0,0,0.0,0.0,152,1,4.0,6.0,0,0,0.0,0.0,0,0,0.0,0.0,0,0,0.0,0.0,0,0,0.0,0.0,7,0,1.0,2.0,33,0,0.0,0.0,0,0,0.0,0.0,0,0,0.0,0.0,9,0,1.0,1.0,19,0,1.0,1.0,79,1,3.0,5.0,0,0,0.0,0.0,838,9,23.0,42.0
mveirb-oervm,0,0,0.0,0.0,48,0,2.0,6.0,0,0,0.0,0.0,0,0,0.0,0.0,0,0,0.0,0.0,0,0,0.0,0.0,0,0,0.0,0.0,0,0,0.0,0.0,0,0,0.0,0.0,0,0,0.0,0.0,0,0,0.0,0.0,0,0,0.0,0.0,0,0,0.0,0.0,0,0,0.0,0.0,0,0,0.0,0.0,0,0,0.0,0.0,0,0,0.0,0.0,0,0,0.0,0.0,0,0,0.0,0.0,0,0,0.0,0.0,0,0,0.0,0.0,0,0,0.0,0.0,0,0,0.0,0.0,48,0,2.0,6.0
nac-cna,17,1,1.0,1.0,17,5,5.0,5.0,0,0,0.0,0.0,0,0,0.0,0.0,0,0,0.0,0.0,0,0,0.0,0.0,0,0,0.0,0.0,0,0,0.0,0.0,0,0,0.0,0.0,0,0,0.0,0.0,0,0,0.0,0.0,0,0,0.0,0.0,0,0,0.0,0.0,0,0,0.0,0.0,0,0,0.0,0.0,0,0,0.0,0.0,0,0,0.0,0.0,0,0,0.0,0.0,0,0,0.0,0.0,0,0,0.0,0.0,0,0,0.0,0.0,0,0,0.0,0.0,0,0,0.0,0.0,34,6,6.0,6.0
nbc-ccbn,6,0,1.0,1.0,47,1,3.0,6.0,0,0,0.0,0.0,364,0,0.0,0.0,0,0,0.0,0.0,1,0,0.0,0.0,0,0,0.0,0.0,0,0,0.0,0.0,0,0,0.0,0.0,47,0,0.0,0.0,18,0,0.0,0.0,0,0,0.0,0.0,0,0,0.0,0.0,1,0,0.0,0.0,0,0,0.0,0.0,0,0,0.0,0.0,0,0,0.0,0.0,0,0,0.0,0.0,0,0,0.0,0.0,2,0,0.0,0.0,33,0,0.0,0.0,28,0,0.0,0.0,0,0,0.0,0.0,547,1,4.0,7.0
ncc-ccn,957,0,14.0,28.0,1,0,0.0,0.0,0,0,0.0,0.0,0,0,0.0,0.0,0,0,0.0,0.0,0,0,0.0,0.0,0,0,0.0,0.0,0,0,0.0,0.0,0,0,0.0,0.0,21,6,15.0,21.0,0,0,0.0,0.0,0,0,0.0,0.0,0,0,0.0,0.0,2,2,2.0,2.0,0,0,0.0,0.0,0,0,0.0,0.0,0,0,0.0,0.0,0,0,0.0,0.0,0,0,0.0,0.0,0,0,0.0,0.0,28,3,23.0,28.0,0,0,0.0,0.0,0,0,0.0,0.0,1009,11,54.0,79.0
ndcfo-odnfc,41,0,0.0,0.0,22,1,4.0,6.0,0,0,0.0,0.0,0,0,0.0,0.0,0,0,0.0,0.0,0,0,0.0,0.0,0,0,0.0,0.0,0,0,0.0,0.0,0,0,0.0,0.0,43,0,5.0,5.0,55,1,1.0,2.0,0,0,0.0,0.0,0,0,0.0,0.0,0,0,0.0,0.0,0,0,0.0,0.0,0,0,0.0,0.0,0,0,0.0,0.0,0,0,0.0,0.0,0,0,0.0,0.0,0,0,0.0,0.0,33,0,0.0,2.0,50,1,2.0,3.0,0,0,0.0,0.0,244,3,12.0,18.0
nfb-onf,174,1,2.0,5.0,29,0,1.0,2.0,0,0,0.0,0.0,1773,54,54.0,92.0,0,0,0.0,0.0,7,0,0.0,0.0,0,0,0.0,0.0,0,0,0.0,0.0,0,0,0.0,0.0,348,11,18.0,42.0,29,0,0.0,1.0,0,0,0.0,0.0,0,0,0.0,0.0,1,0,0.0,0.0,0,0,0.0,0.0,0,0,0.0,0.0,0,0,0.0,0.0,0,0,0.0,0.0,0,0,0.0,0.0,0,0,0.0,0.0,436,9,12.0,31.0,31,0,0.0,0.0,0,0,0.0,0.0,2828,75,87.0,173.0
ngc-mbac,68,0,2.0,4.0,41,0,2.0,4.0,0,0,0.0,0.0,209,0,48.0,106.0,0,0,0.0,0.0,0,0,0.0,0.0,0,0,0.0,0.0,0,0,0.0,0.0,0,0,0.0,0.0,65,6,22.0,31.0,0,0,0.0,0.0,0,0,0.0,0.0,0,0,0.0,0.0,0,0,0.0,0.0,0,0,0.0,0.0,0,0,0.0,0.0,0,0,0.0,0.0,0,0,0.0,0.0,0,0,0.0,0.0,0,0,0.0,0.0,94,14,33.0,51.0,0,0,0.0,0.0,0,0,0.0,0.0,477,20,107.0,196.0
nirb-cner,0,0,0.0,0.0,26,0,4.0,4.0,0,0,0.0,0.0,0,0,0.0,0.0,0,0,0.0,0.0,0,0,0.0,0.0,0,0,0.0,0.0,0,0,0.0,0.0,0,0,0.0,0.0,0,0,0.0,0.0,0,0,0.0,0.0,0,0,0.0,0.0,0,0,0.0,0.0,0,0,0.0,0.0,0,0,0.0,0.0,0,0,0.0,0.0,0,0,0.0,0.0,0,0,0.0,0.0,0,0,0.0,0.0,0,0,0.0,0.0,0,0,0.0,0.0,0,0,0.0,0.0,0,0,0.0,0.0,26,0,4.0,4.0
nnpa-apn,3,0,0.0,0.0,23,1,3.0,6.0,0,0,0.0,0.0,0,0,0.0,0.0,0,0,0.0,0.0,0,0,0.0,0.0,0,0,0.0,0.0,0,0,0.0,0.0,0,0,0.0,0.0,0,0,0.0,0.0,0,0,0.0,0.0,0,0,0.0,0.0,0,0,0.0,0.0,0,0,0.0,0.0,0,0,0.0,0.0,0,0,0.0,0.0,0,0,0.0,0.0,0,0,0.0,0.0,0,0,0.0,0.0,0,0,0.0,0.0,0,0,0.0,0.0,0,0,0.0,0.0,0,0,0.0,0.0,26,1,3.0,6.0
npa-apn,14,0,0.0,0.0,57,1,4.0,6.0,0,0,0.0,0.0,0,0,0.0,0.0,0,0,0.0,0.0,0,0,0.0,0.0,0,0,0.0,0.0,0,0,0.0,0.0,0,0,0.0,0.0,0,0,0.0,0.0,0,0,0.0,0.0,0,0,0.0,0.0,0,0,0.0,0.0,0,0,0.0,0.0,0,0,0.0,0.0,0,0,0.0,0.0,0,0,0.0,0.0,0,0,0.0,0.0,0,0,0.0,0.0,3,0,1.0,1.0,0,0,0.0,0.0,0,0,0.0,0.0,0,0,0.0,0.0,74,1,5.0,7.0
nrc-cnrc,245,0,11.0,23.0,0,0,0.0,0.0,140,0,4.0,11.0,45112,860,860.0,1773.0,0,0,0.0,0.0,5,0,0.0,0.0,79,0,0.0,3.0,68541,1750,1750.0,3331.0,0,0,0.0,0.0,1268,2,7.0,30.0,33,0,0.0,0.0,0,0,0.0,0.0,2,0,0.0,0.0,9,0,0.0,0.0,0,0,0.0,0.0,0,0,0.0,0.0,0,0,0.0,0.0,0,0,0.0,0.0,3,0,0.0,0.0,0,0,0.0,0.0,2522,15,38.0,70.0,9,0,0.0,0.0,1,0,0.0,0.0,117969,2627,2670.0,5241.0
nrcan-rncan,6743,60,174.0,354.0,0,0,0.0,0.0,5214,61,256.0,472.0,29067,564,564.0,1013.0,0,0,0.0,0.0,7,0,0.0,0.0,99,4,4.0,8.0,9249,370,371.0,681.0,0,0,0.0,0.0,810,1,7.0,14.0,23,0,0.0,0.0,17,0,0.0,3.0,3,0,0.0,0.0,1,0,0.0,0.0,94,0,0.0,0.0,213,7,7.0,10.0,0,0,0.0,0.0,1,0,0.0,0.0,4,0,0.0,0.0,12,0,1.0,1.0,2744,14,49.0,110.0,13,0,0.0,0.0,0,0,0.0,0.0,54314,1081,1433.0,2666.0
nserc-crsng,109,3,3.0,6.0,13,0,1.0,2.0,136,0,6.0,9.0,1283,29,29.0,-497.0,10,0,0.0,0.0,3,0,0.0,0.0,39,0,3.0,7.0,136034,3872,3872.0,10255.0,0,0,0.0,0.0,19,0,0.0,0.0,12,0,0.0,0.0,0,0,0.0,0.0,0,0,0.0,0.0,2,0,0.0,0.0,0,0,0.0,0.0,0,0,0.0,0.0,0,0,0.0,0.0,0,0,0.0,0.0,1,0,0.0,0.0,8,0,0.0,1.0,319,2,10.0,22.0,13,0,0.0,0.0,0,0,0.0,0.0,138001,3906,3924.0,9805.0
nsira-ossnr,53,6,7.0,19.0,19,0,0.0,1.0,0,0,0.0,0.0,147,6,6.0,6.0,0,0,0.0,0.0,5,0,0.0,0.0,0,0,0.0,0.0,0,0,0.0,0.0,0,0,0.0,0.0,43,0,0.0,0.0,44,0,1.0,4.0,0,0,0.0,0.0,0,0,0.0,0.0,0,0,0.0,0.0,0,0,0.0,0.0,0,0,0.0,0.0,0,0,0.0,0.0,0,0,0.0,0.0,0,0,0.0,0.0,6,0,0.0,1.0,110,1,1.0,2.0,27,0,1.0,3.0,0,0,0.0,0.0,454,13,16.0,36.0
oag-bvg,68,0,0.0,0.0,0,0,0.0,0.0,964,7,33.0,86.0,1886,47,47.0,88.0,0,0,0.0,0.0,7,0,0.0,0.0,65,0,3.0,3.0,0,0,0.0,0.0,0,0,0.0,0.0,184,2,12.0,15.0,14,0,0.0,2.0,0,0,0.0,0.0,129,8,11.0,15.0,86,0,0.0,1.0,0,0,0.0,0.0,0,0,0.0,0.0,0,0,0.0,0.0,0,0,0.0,0.0,1,0,0.0,0.0,3,0,0.0,0.0,245,2,14.0,21.0,2,0,0.0,0.0,0,0,0.0,0.0,3654,66,120.0,231.0
occe-bcef,0,0,0.0,0.0,0,0,0.0,0.0,0,0,0.0,0.0,0,0,0.0,0.0,0,0,0.0,0.0,0,0,0.0,0.0,0,0,0.0,0.0,0,0,0.0,0.0,0,0,0.0,0.0,0,0,0.0,0.0,0,0,0.0,0.0,0,0,0.0,0.0,3,0,0.0,0.0,0,0,0.0,0.0,0,0,0.0,0.0,0,0,0.0,0.0,0,0,0.0,0.0,0,0,0.0,0.0,1,0,0.0,0.0,0,0,0.0,0.0,0,0,0.0,0.0,0,0,0.0,0.0,0,0,0.0,0.0,4,0,0.0,0.0
oci-bec,111,0,0.0,3.0,35,0,3.0,3.0,41,0,0.0,2.0,73,2,2.0,5.0,3,0,0.0,0.0,1,0,0.0,0.0,0,0,0.0,0.0,0,0,0.0,0.0,0,0,0.0,0.0,22,4,4.0,4.0,19,4,4.0,4.0,0,0,0.0,0.0,0,0,0.0,0.0,1,0,0.0,1.0,0,0,0.0,0.0,2,0,0.0,0.0,15,0,1.0,6.0,0,0,0.0,0.0,0,0,0.0,0.0,4,0,0.0,0.0,125,8,8.0,9.0,4,1,1.0,1.0,0,0,0.0,0.0,456,19,23.0,38.0
ocl-cal,58,0,1.0,2.0,42,1,3.0,6.0,24,0,0.0,0.0,156,3,3.0,4.0,1,0,0.0,0.0,7,0,0.0,0.0,0,0,0.0,0.0,0,0,0.0,0.0,0,0,0.0,0.0,21,1,4.0,5.0,54,0,0.0,1.0,0,0,0.0,0.0,10,0,1.0,1.0,11,0,0.0,0.0,0,0,0.0,0.0,2,0,0.0,0.0,21,1,2.0,2.0,0,0,0.0,0.0,0,0,0.0,0.0,7,0,0.0,0.0,10,1,2.0,2.0,59,0,1.0,3.0,0,0,0.0,0.0,483,7,17.0,26.0
ocol-clo,192,0,5.0,11.0,5,1,5.0,5.0,347,4,10.0,18.0,489,22,22.0,31.0,0,0,0.0,0.0,7,0,0.0,0.0,0,0,0.0,0.0,0,0,0.0,0.0,0,0,0.0,0.0,57,4,5.0,8.0,40,0,1.0,2.0,0,0,0.0,0.0,3,0,0.0,0.0,2,0,0.0,0.0,0,0,0.0,0.0,60,0,0.0,48.0,24,0,1.0,1.0,0,0,0.0,0.0,0,0,0.0,0.0,8,0,1.0,1.0,102,3,5.0,10.0,37,0,1.0,1.0,0,0,0.0,0.0,1373,34,56.0,136.0
ocsec-bccst,6,1,2.0,2.0,56,0,1.0,4.0,0,0,0.0,0.0,11,0,0.0,0.0,13,1,2.0,2.0,0,0,0.0,0.0,0,0,0.0,0.0,0,0,0.0,0.0,0,0,0.0,0.0,2,0,0.0,0.0,64,1,3.0,6.0,0,0,0.0,0.0,3,1,1.0,1.0,0,0,0.0,0.0,0,0,0.0,0.0,0,0,0.0,0.0,0,0,0.0,0.0,0,0,0.0,0.0,1,0,0.0,0.0,5,0,1.0,1.0,5,1,1.0,1.0,62,0,2.0,5.0,0,0,0.0,0.0,228,5,13.0,22.0
oic-ci,454,4,6.0,19.0,8,0,0.0,0.0,52,0,0.0,0.0,296,11,11.0,18.0,0,0,0.0,0.0,7,0,0.0,0.0,0,0,0.0,0.0,0,0,0.0,0.0,0,0,0.0,0.0,30,0,0.0,0.0,48,1,3.0,5.0,0,0,0.0,0.0,0,0,0.0,0.0,0,0,0.0,0.0,0,0,0.0,0.0,3,0,0.0,0.0,20,0,0.0,0.0,0,0,0.0,0.0,0,0,0.0,0.0,7,0,1.0,1.0,18,0,2.0,2.0,54,1,2.0,4.0,0,0,0.0,0.0,997,17,25.0,49.0
opc-cpvp,568,3,13.0,26.0,1,0,0.0,0.0,413,5,23.0,57.0,719,14,14.0,33.0,0,0,0.0,0.0,7,0,0.0,0.0,0,0,0.0,0.0,85,0,0.0,2.0,15,1,1.0,1.0,21,1,2.0,3.0,67,0,1.0,3.0,0,0,0.0,0.0,25,2,2.0,5.0,0,0,0.0,0.0,0,0,0.0,0.0,2,1,1.0,1.0,27,0,0.0,1.0,0,0,0.0,0.0,1,0,0.0,0.0,6,0,1.0,1.0,120,4,8.0,11.0,32,0,0.0,1.0,0,0,0.0,0.0,2109,31,66.0,145.0
opmc-svpm,7,2,2.0,2.0,43,1,2.0,7.0,0,0,0.0,0.0,0,0,0.0,0.0,0,0,0.0,0.0,0,0,0.0,0.0,0,0,0.0,0.0,0,0,0.0,0.0,0,0,0.0,0.0,0,0,0.0,0.0,0,0,0.0,0.0,0,0,0.0,0.0,0,0,0.0,0.0,0,0,0.0,0.0,0,0,0.0,0.0,0,0,0.0,0.0,0,0,0.0,0.0,0,0,0.0,0.0,0,0,0.0,0.0,0,0,0.0,0.0,0,0,0.0,0.0,0,0,0.0,0.0,0,0,0.0,0.0,50,3,4.0,9.0
org231,0,0,0.0,0.0,29,1,3.0,6.0,0,0,0.0,0.0,8,1,1.0,2.0,6,0,0.0,0.0,0,0,0.0,0.0,0,0,0.0,0.0,0,0,0.0,0.0,4,0,0.0,0.0,1,0,0.0,0.0,27,1,3.0,6.0,0,0,0.0,0.0,0,0,0.0,0.0,0,0,0.0,0.0,0,0,0.0,0.0,0,0,0.0,0.0,10,1,1.0,2.0,0,0,0.0,0.0,0,0,0.0,0.0,1,0,0.0,1.0,15,2,3.0,3.0,17,0,1.0,3.0,0,0,0.0,0.0,118,6,12.0,23.0
osfi-bsif,322,4,5.0,8.0,4,0,1.0,2.0,1128,8,36.0,63.0,2882,69,68.0,135.0,0,0,0.0,0.0,7,0,0.0,0.0,81,0,0.0,0.0,0,0,0.0,0.0,0,0,0.0,0.0,66,5,11.0,14.0,26,0,1.0,1.0,0,0,0.0,0.0,9,0,0.0,2.0,13,0,0.0,2.0,0,0,0.0,0.0,0,0,0.0,0.0,0,0,0.0,0.0,0,0,0.0,0.0,1,0,0.0,0.0,7,0,1.0,1.0,279,12,41.0,64.0,16,0,0.0,0.0,0,0,0.0,0.0,4841,98,164.0,292.0
osgg-bsgg,0,0,0.0,0.0,0,0,0.0,0.0,0,0,0.0,0.0,499,16,16.0,27.0,0,0,0.0,0.0,7,0,0.0,0.0,0,0,0.0,0.0,0,0,0.0,0.0,0,0,0.0,0.0,6,0,0.0,1.0,64,2,5.0,7.0,0,0,0.0,0.0,0,0,0.0,0.0,0,0,0.0,0.0,0,0,0.0,0.0,1,0,0.0,0.0,3,0,0.0,0.0,0,0,0.0,0.0,0,0,0.0,0.0,0,0,0.0,0.0,137,5,8.0,12.0,33,0,1.0,2.0,0,0,0.0,0.0,750,23,30.0,49.0
oto-boc,0,0,0.0,0.0,0,0,0.0,0.0,0,0,0.0,0.0,18,0,0.0,0.0,0,0,0.0,0.0,0,0,0.0,0.0,0,0,0.0,0.0,0,0,0.0,0.0,0,0,0.0,0.0,14,0,0.0,0.0,67,1,3.0,6.0,0,0,0.0,0.0,0,0,0.0,0.0,0,0,0.0,0.0,0,0,0.0,0.0,0,0,0.0,0.0,0,0,0.0,0.0,0,0,0.0,0.0,0,0,0.0,0.0,10,0,1.0,1.0,112,1,5.0,8.0,42,0,0.0,1.0,0,0,0.0,0.0,263,2,9.0,16.0
ovo-bov,20,0,0.0,0.0,52,3,5.0,8.0,58,0,2.0,4.0,0,0,0.0,0.0,0,0,0.0,0.0,0,0,0.0,0.0,0,0,0.0,0.0,0,0,0.0,0.0,0,0,0.0,0.0,15,0,1.0,1.0,50,0,1.0,4.0,0,0,0.0,0.0,0,0,0.0,0.0,0,0,0.0,0.0,0,0,0.0,0.0,7,0,0.0,0.0,23,1,1.0,2.0,0,0,0.0,0.0,0,0,0.0,0.0,0,0,0.0,0.0,100,6,14.0,21.0,24,0,0.0,0.0,0,0,0.0,0.0,349,10,24.0,40.0
pacifican,131,0,0.0,0.0,17,1,10.0,10.0,382,0,0.0,0.0,105,11,11.0,13.0,1,0,0.0,0.0,0,0,0.0,0.0,0,0,0.0,0.0,1242,58,58.0,86.0,0,0,0.0,0.0,5,0,0.0,0.0,32,1,3.0,5.0,0,0,0.0,0.0,3,0,0.0,1.0,0,0,0.0,0.0,4,0,0.0,0.0,0,0,0.0,0.0,8,0,0.0,0.0,0,0,0.0,0.0,0,0,0.0,0.0,3,0,1.0,1.0,100,6,11.0,23.0,9,0,0.0,1.0,0,0,0.0,0.0,2042,77,94.0,140.0
papa-appa,4,0,0.0,0.0,15,1,4.0,6.0,0,0,0.0,0.0,0,0,0.0,0.0,0,0,0.0,0.0,0,0,0.0,0.0,0,0,0.0,0.0,0,0,0.0,0.0,0,0,0.0,0.0,5,0,0.0,0.0,9,0,0.0,0.0,0,0,0.0,0.0,0,0,0.0,0.0,0,0,0.0,0.0,0,0,0.0,0.0,0,0,0.0,0.0,0,0,0.0,0.0,0,0,0.0,0.0,0,0,0.0,0.0,0,0,0.0,0.0,43,17,17.0,17.0,12,4,4.0,4.0,0,0,0.0,0.0,88,22,25.0,27.0
pb,3,0,0.0,0.0,45,0,0.0,0.0,0,0,0.0,0.0,0,0,0.0,0.0,0,0,0.0,0.0,0,0,0.0,0.0,0,0,0.0,0.0,0,0,0.0,0.0,0,0,0.0,0.0,0,0,0.0,0.0,0,0,0.0,0.0,0,0,0.0,0.0,0,0,0.0,0.0,0,0,0.0,0.0,0,0,0.0,0.0,0,0,0.0,0.0,0,0,0.0,0.0,0,0,0.0,0.0,0,0,0.0,0.0,0,0,0.0,0.0,0,0,0.0,0.0,0,0,0.0,0.0,0,0,0.0,0.0,48,0,0.0,0.0
pbc-clcc,236,2,3.0,8.0,17,0,1.0,2.0,452,10,24.0,44.0,1134,11,11.0,29.0,1,0,0.0,0.0,6,0,0.0,0.0,0,0,0.0,0.0,0,0,0.0,0.0,0,0,0.0,0.0,32,0,0.0,0.0,9,0,0.0,0.0,1,0,0.0,0.0,2,0,0.0,2.0,2,0,0.0,0.0,0,0,0.0,0.0,88,0,0.0,0.0,21,1,1.0,2.0,1,0,0.0,0.0,0,0,0.0,0.0,10,0,1.0,1.0,322,0,13.0,12.0,0,0,0.0,0.0,0,0,0.0,0.0,2334,24,54.0,100.0
pc,1783,23,38.0,108.0,0,0,0.0,0.0,1597,27,101.0,191.0,55935,704,704.0,1511.0,0,0,0.0,0.0,7,0,0.0,0.0,15,0,0.0,0.0,2210,118,118.0,225.0,0,0,0.0,0.0,383,0,2.0,6.0,42,1,2.0,2.0,2,2,2.0,2.0,4,1,1.0,3.0,1,0,0.0,0.0,0,0,0.0,0.0,0,0,0.0,0.0,0,0,0.0,0.0,0,0,0.0,0.0,0,0,0.0,0.0,7,4,7.0,7.0,2549,10,41.0,79.0,13,0,0.0,0.0,0,0,0.0,0.0,64548,890,1016.0,2134.0
pch,4500,49,149.0,229.0,0,0,0.0,0.0,2741,52,137.0,262.0,11311,102,102.0,185.0,0,0,0.0,0.0,7,0,0.0,0.0,70,3,3.0,6.0,120476,1750,1750.0,3335.0,0,0,0.0,0.0,1062,0,9.0,13.0,36,1,1.0,2.0,37,1,1.0,3.0,4,0,0.0,0.0,1,0,0.0,0.0,718,75,75.0,75.0,101,0,20.0,20.0,12,1,1.0,1.0,4,0,0.0,0.0,2,0,0.0,0.0,8,0,1.0,1.0,4339,15,89.0,165.0,9,0,0.0,0.0,0,0,0.0,0.0,145438,2049,2338.0,4297.0
pco-bcp,7136,43,152.0,358.0,2,0,0.0,0.0,5191,73,281.0,538.0,2601,42,42.0,85.0,0,0,0.0,0.0,4,0,0.0,0.0,212,0,0.0,2.0,156,0,5.0,5.0,0,0,0.0,0.0,256,15,20.0,52.0,12,0,0.0,0.0,0,0,0.0,0.0,0,0,0.0,0.0,1,0,0.0,0.0,84,0,0.0,0.0,103,0,0.0,0.0,31,0,1.0,1.0,0,0,0.0,0.0,0,0,0.0,0.0,5,0,1.0,1.0,1392,62,126.0,265.0,6,0,0.0,0.0,0,0,0.0,0.0,17192,235,628.0,1307.0
pdp,1,0,0.0,0.0,48,2,4.0,8.0,0,0,0.0,0.0,0,0,0.0,0.0,0,0,0.0,0.0,0,0,0.0,0.0,0,0,0.0,0.0,0,0,0.0,0.0,0,0,0.0,0.0,0,0,0.0,0.0,0,0,0.0,0.0,0,0,0.0,0.0,0,0,0.0,0.0,0,0,0.0,0.0,0,0,0.0,0.0,0,0,0.0,0.0,0,0,0.0,0.0,0,0,0.0,0.0,0,0,0.0,0.0,0,0,0.0,0.0,0,0,0.0,0.0,0,0,0.0,0.0,0,0,0.0,0.0,49,2,4.0,8.0
petf-fpet,24,0,0.0,4.0,5,0,3.0,5.0,0,0,0.0,0.0,0,0,0.0,0.0,0,0,0.0,0.0,0,0,0.0,0.0,0,0,0.0,0.0,0,0,0.0,0.0,0,0,0.0,0.0,0,0,0.0,0.0,0,0,0.0,0.0,0,0,0.0,0.0,0,0,0.0,0.0,0,0,0.0,0.0,0,0,0.0,0.0,0,0,0.0,0.0,0,0,0.0,0.0,0,0,0.0,0.0,0,0,0.0,0.0,0,0,0.0,0.0,0,0,0.0,0.0,0,0,0.0,0.0,0,0,0.0,0.0,29,0,3.0,9.0
phac-aspc,1748,15,44.0,90.0,2,0,0.0,0.0,2788,32,116.0,227.0,8663,254,254.0,464.0,0,0,0.0,0.0,7,0,0.0,0.0,92,0,4.0,4.0,4486,202,202.0,268.0,7,0,0.0,0.0,128,1,3.0,16.0,30,0,0.0,0.0,6,0,0.0,0.0,12,0,0.0,0.0,3,0,0.0,0.0,7,0,0.0,0.0,133,0,5.0,5.0,4,0,0.0,1.0,0,0,0.0,0.0,2,0,0.0,0.0,4,0,1.0,1.0,681,10,40.0,76.0,14,0,0.0,0.0,0,0,0.0,0.0,18817,514,669.0,1152.0
pkcc-pcprc,0,0,0.0,0.0,0,0,0.0,0.0,122,0,0.0,0.0,0,0,0.0,0.0,0,0,0.0,0.0,0,0,0.0,0.0,0,0,0.0,0.0,0,0,0.0,0.0,0,0,0.0,0.0,1,0,0.0,0.0,15,0,0.0,0.0,0,0,0.0,0.0,0,0,0.0,0.0,0,0,0.0,0.0,0,0,0.0,0.0,0,0,0.0,0.0,0,0,0.0,0.0,0,0,0.0,0.0,0,0,0.0,0.0,0,0,0.0,0.0,33,0,0.0,0.0,7,0,0.0,0.0,0,0,0.0,0.0,178,0,0.0,0.0
pmo-cpm,0,0,0.0,0.0,0,0,0.0,0.0,0,0,0.0,0.0,0,0,0.0,0.0,0,0,0.0,0.0,0,0,0.0,0.0,0,0,0.0,0.0,0,0,0.0,0.0,0,0,0.0,0.0,116,2,4.0,10.0,5,0,0.0,0.0,0,0,0.0,0.0,0,0,0.0,0.0,0,0,0.0,0.0,0,0,0.0,0.0,0,0,0.0,0.0,0,0,0.0,0.0,0,0,0.0,0.0,0,0,0.0,0.0,0,0,0.0,0.0,2590,164,296.0,541.0,3,0,0.0,0.0,0,0,0.0,0.0,2714,166,300.0,551.0
pmprb-cepmb,197,1,1.0,1.0,21,0,2.0,4.0,66,0,66.0,66.0,220,0,3.0,6.0,1,0,0.0,0.0,7,0,0.0,0.0,0,0,0.0,0.0,0,0,0.0,0.0,0,0,0.0,0.0,80,0,1.0,3.0,128,0,0.0,1.0,0,0,0.0,0.0,0,0,0.0,0.0,0,0,0.0,0.0,0,0,0.0,0.0,19,0,0.0,0.0,50,0,0.0,0.0,0,0,0.0,0.0,1,0,0.0,0.0,0,0,0.0,0.0,123,1,3.0,3.0,49,0,0.0,1.0,0,0,0.0,0.0,962,2,76.0,85.0
polar-polaire,4,0,0.0,1.0,41,2,4.0,5.0,46,0,1.0,4.0,152,0,0.0,14.0,1,0,0.0,0.0,2,0,0.0,1.0,0,0,0.0,0.0,255,2,2.0,69.0,1,0,0.0,0.0,20,0,2.0,8.0,9,0,3.0,3.0,0,0,0.0,0.0,0,0,0.0,0.0,0,0,0.0,0.0,0,0,0.0,0.0,0,0,0.0,0.0,0,0,0.0,0.0,0,0,0.0,0.0,1,0,0.0,0.0,0,0,0.0,0.0,108,6,16.0,26.0,2,0,0.0,0.0,0,0,0.0,0.0,642,10,28.0,131.0
ppa-app,16,0,1.0,1.0,42,1,2.0,4.0,0,0,0.0,0.0,0,0,0.0,0.0,0,0,0.0,0.0,0,0,0.0,0.0,0,0,0.0,0.0,0,0,0.0,0.0,0,0,0.0,0.0,0,0,0.0,0.0,0,0,0.0,0.0,0,0,0.0,0.0,0,0,0.0,0.0,0,0,0.0,0.0,0,0,0.0,0.0,0,0,0.0,0.0,0,0,0.0,0.0,0,0,0.0,0.0,0,0,0.0,0.0,0,0,0.0,0.0,0,0,0.0,0.0,0,0,0.0,0.0,0,0,0.0,0.0,58,1,3.0,5.0
ppsc-sppc,355,1,4.0,12.0,5,0,0.0,0.0,1308,23,73.0,118.0,1877,37,35.0,59.0,0,0,0.0,0.0,7,0,0.0,0.0,52,0,2.0,2.0,0,0,0.0,0.0,0,0,0.0,0.0,12,0,0.0,0.0,65,0,1.0,4.0,0,0,0.0,0.0,0,0,0.0,0.0,5,0,0.0,0.0,0,0,0.0,0.0,290,0,1.0,1.0,11,0,2.0,2.0,1,0,0.0,0.0,1,0,0.0,1.0,14,0,0.0,1.0,171,0,3.0,9.0,26,0,0.0,1.0,0,0,0.0,0.0,4200,61,121.0,210.0
pptc,69,0,0.0,0.0,0,0,0.0,0.0,0,0,0.0,0.0,1217,0,0.0,0.0,0,0,0.0,0.0,0,0,0.0,0.0,0,0,0.0,0.0,0,0,0.0,0.0,0,0,0.0,0.0,0,0,0.0,0.0,0,0,0.0,0.0,0,0,0.0,0.0,0,0,0.0,0.0,0,0,0.0,0.0,0,0,0.0,0.0,0,0,0.0,0.0,0,0,0.0,0.0,0,0,0.0,0.0,0,0,0.0,0.0,0,0,0.0,0.0,0,0,0.0,0.0,0,0,0.0,0.0,0,0,0.0,0.0,1286,0,0.0,0.0
prairiescan,148,2,2.0,6.0,10,0,1.0,2.0,906,21,65.0,113.0,320,6,6.0,27.0,0,0,0.0,0.0,2,0,0.0,0.0,0,0,0.0,0.0,2790,89,89.0,133.0,0,0,0.0,0.0,16,0,1.0,3.0,23,0,0.0,0.0,0,0,0.0,0.0,4,1,1.0,1.0,0,0,0.0,0.0,24,4,4.0,4.0,3,0,0.0,1.0,10,1,1.0,1.0,0,0,0.0,0.0,0,0,0.0,0.0,4,0,1.0,1.0,284,4,27.0,44.0,4,0,0.0,0.0,0,0,0.0,0.0,4548,128,198.0,336.0
prpa-appr,12,1,1.0,1.0,30,1,3.0,6.0,0,0,0.0,0.0,0,0,0.0,0.0,0,0,0.0,0.0,0,0,0.0,0.0,0,0,0.0,0.0,0,0,0.0,0.0,0,0,0.0,0.0,71,32,32.0,71.0,0,0,0.0,0.0,0,0,0.0,0.0,0,0,0.0,0.0,0,0,0.0,0.0,0,0,0.0,0.0,0,0,0.0,0.0,0,0,0.0,0.0,0,0,0.0,0.0,0,0,0.0,0.0,0,0,0.0,0.0,50,0,0.0,0.0,0,0,0.0,0.0,0,0,0.0,0.0,163,34,36.0,78.0
ps-sp,3887,34,111.0,161.0,0,0,0.0,0.0,5202,61,250.0,542.0,2358,62,62.0,114.0,0,0,0.0,0.0,7,0,0.0,0.0,77,3,3.0,6.0,2725,78,78.0,167.0,10,0,0.0,0.0,207,4,10.0,13.0,34,0,0.0,1.0,0,0,0.0,0.0,0,0,0.0,0.0,0,0,0.0,0.0,312,0,0.0,0.0,19,0,0.0,3.0,14,0,0.0,0.0,0,0,0.0,0.0,0,0,0.0,0.0,0,0,0.0,0.0,1042,28,87.0,165.0,17,0,0.0,0.0,0,0,0.0,0.0,15911,270,601.0,1172.0
psc-cfp,475,5,9.0,11.0,12,0,0.0,1.0,191,0,17.0,17.0,2580,22,22.0,29.0,0,0,0.0,0.0,5,0,0.0,0.0,69,0,0.0,0.0,0,0,0.0,0.0,0,0,0.0,0.0,1170,0,2.0,3.0,6,0,0.0,0.0,0,0,0.0,0.0,1,0,1.0,1.0,0,0,0.0,0.0,0,0,0.0,0.0,189,2,2.0,2.0,16,0,0.0,1.0,2,0,0.0,0.0,0,0,0.0,0.0,3,0,0.0,0.0,767,0,9.0,11.0,6,0,0.0,0.0,0,0,0.0,0.0,5492,29,62.0,76.0
pshcp-rssfp,14,0,2.0,2.0,20,0,2.0,5.0,0,0,0.0,0.0,0,0,0.0,0.0,0,0,0.0,0.0,0,0,0.0,0.0,0,0,0.0,0.0,0,0,0.0,0.0,0,0,0.0,0.0,0,0,0.0,0.0,0,0,0.0,0.0,0,0,0.0,0.0,0,0,0.0,0.0,0,0,0.0,0.0,0,0,0.0,0.0,0,0,0.0,0.0,0,0,0.0,0.0,0,0,0.0,0.0,0,0,0.0,0.0,0,0,0.0,0.0,0,0,0.0,0.0,0,0,0.0,0.0,0,0,0.0,0.0,34,0,4.0,7.0
psi,17,0,0.0,0.0,9,0,0.0,0.0,0,0,0.0,0.0,0,0,0.0,0.0,0,0,0.0,0.0,0,0,0.0,0.0,0,0,0.0,0.0,0,0,0.0,0.0,0,0,0.0,0.0,0,0,0.0,0.0,0,0,0.0,0.0,0,0,0.0,0.0,0,0,0.0,0.0,0,0,0.0,0.0,0,0,0.0,0.0,0,0,0.0,0.0,0,0,0.0,0.0,0,0,0.0,0.0,0,0,0.0,0.0,0,0,0.0,0.0,0,0,0.0,0.0,0,0,0.0,0.0,0,0,0.0,0.0,26,0,0.0,0.0
psic-ispc,21,0,0.0,0.0,20,2,3.0,6.0,0,0,0.0,0.0,167,5,16.0,16.0,0,0,0.0,0.0,1,0,0.0,0.0,0,0,0.0,0.0,0,0,0.0,0.0,0,0,0.0,0.0,8,0,0.0,0.0,92,1,4.0,12.0,0,0,0.0,0.0,0,0,0.0,0.0,0,0,0.0,0.0,0,0,0.0,0.0,0,0,0.0,0.0,0,0,0.0,0.0,0,0,0.0,0.0,0,0,0.0,0.0,0,0,0.0,0.0,22,0,1.0,1.0,65,1,3.0,7.0,0,0,0.0,0.0,396,9,27.0,42.0
pslrb-crtfp,31,0,0.0,0.0,0,0,0.0,0.0,0,0,0.0,0.0,0,0,0.0,0.0,0,0,0.0,0.0,0,0,0.0,0.0,0,0,0.0,0.0,0,0,0.0,0.0,0,0,0.0,0.0,0,0,0.0,0.0,0,0,0.0,0.0,0,0,0.0,0.0,0,0,0.0,0.0,0,0,0.0,0.0,0,0,0.0,0.0,0,0,0.0,0.0,0,0,0.0,0.0,0,0,0.0,0.0,0,0,0.0,0.0,0,0,0.0,0.0,0,0,0.0,0.0,0,0,0.0,0.0,0,0,0.0,0.0,31,0,0.0,0.0
pspib-oirpsp,103,0,28.0,40.0,39,0,1.0,3.0,0,0,0.0,0.0,0,0,0.0,0.0,0,0,0.0,0.0,0,0,0.0,0.0,0,0,0.0,0.0,0,0,0.0,0.0,0,0,0.0,0.0,199,79,96.0,117.0,0,0,0.0,0.0,0,0,0.0,0.0,0,0,0.0,0.0,0,0,0.0,0.0,0,0,0.0,0.0,0,0,0.0,0.0,0,0,0.0,0.0,0,0,0.0,0.0,0,0,0.0,0.0,0,0,0.0,0.0,378,176,214.0,269.0,0,0,0.0,0.0,0,0,0.0,0.0,719,255,339.0,429.0
ptr,3,0,0.0,0.0,0,0,0.0,0.0,0,0,0.0,0.0,0,0,0.0,0.0,0,0,0.0,0.0,0,0,0.0,0.0,0,0,0.0,0.0,0,0,0.0,0.0,0,0,0.0,0.0,0,0,0.0,0.0,1,0,0.0,0.0,0,0,0.0,0.0,0,0,0.0,0.0,0,0,0.0,0.0,0,0,0.0,0.0,0,0,0.0,0.0,0,0,0.0,0.0,0,0,0.0,0.0,0,0,0.0,0.0,0,0,0.0,0.0,0,0,0.0,0.0,1,0,0.0,0.0,0,0,0.0,0.0,5,0,0.0,0.0
pwgsc-tpsgc,7228,38,93.0,189.0,0,0,0.0,0.0,1514,13,61.0,116.0,61850,1831,2512.0,4163.0,0,0,0.0,0.0,7,0,0.0,0.0,100,0,0.0,0.0,0,0,0.0,0.0,19,1,1.0,2.0,89,3,8.0,18.0,30,0,1.0,1.0,8,0,0.0,0.0,1,0,0.0,0.0,6,0,0.0,0.0,375,34,34.0,34.0,97,0,0.0,0.0,4,0,0.0,0.0,5,0,0.0,0.0,0,0,0.0,0.0,6,0,1.0,1.0,718,28,82.0,141.0,7,0,0.0,0.0,15,0,0.0,0.0,72079,1948,2793.0,4665.0
ql-lq,0,0,0.0,0.0,0,0,0.0,0.0,50,0,0.0,0.0,0,0,0.0,0.0,0,0,0.0,0.0,0,0,0.0,0.0,0,0,0.0,0.0,0,0,0.0,0.0,0,0,0.0,0.0,1,0,0.0,0.0,8,0,0.0,0.0,0,0,0.0,0.0,0,0,0.0,0.0,0,0,0.0,0.0,0,0,0.0,0.0,0,0,0.0,0.0,0,0,0.0,0.0,0,0,0.0,0.0,0,0,0.0,0.0,0,0,0.0,0.0,64,0,0.0,0.0,0,0,0.0,0.0,0,0,0.0,0.0,123,0,0.0,0.0
qpa-apq,30,2,5.0,5.0,14,0,3.0,3.0,0,0,0.0,0.0,0,0,0.0,0.0,0,0,0.0,0.0,0,0,0.0,0.0,0,0,0.0,0.0,0,0,0.0,0.0,0,0,0.0,0.0,379,0,176.0,252.0,4,0,0.0,0.0,0,0,0.0,0.0,0,0,0.0,0.0,0,0,0.0,0.0,0,0,0.0,0.0,0,0,0.0,0.0,0,0,0.0,0.0,0,0,0.0,0.0,0,0,0.0,0.0,0,0,0.0,0.0,155,0,69.0,113.0,7,0,3.0,4.0,0,0,0.0,0.0,589,2,256.0,377.0
rcmp-grc,7153,48,168.0,401.0,1,0,0.0,0.0,991,23,56.0,121.0,30628,1006,1006.0,1905.0,0,0,0.0,0.0,7,0,0.0,0.0,91,5,9.0,9.0,336,11,11.0,42.0,1,0,0.0,0.0,925,3,8.0,26.0,6,0,0.0,0.0,0,0,-6.0,-1.0,25,1,13.0,13.0,4,0,2.0,3.0,0,0,0.0,0.0,769,30,30.0,193.0,28,1,1.0,2.0,0,0,0.0,0.0,0,0,0.0,0.0,8,0,1.0,1.0,1664,33,84.0,135.0,3,0,0.0,0.0,0,0,0.0,0.0,42640,1161,1383.0,2850.0
ri,8,0,0.0,0.0,52,2,3.0,6.0,0,0,0.0,0.0,0,0,0.0,0.0,0,0,0.0,0.0,0,0,0.0,0.0,0,0,0.0,0.0,0,0,0.0,0.0,0,0,0.0,0.0,0,0,0.0,0.0,0,0,0.0,0.0,0,0,0.0,0.0,0,0,0.0,0.0,0,0,0.0,0.0,0,0,0.0,0.0,0,0,0.0,0.0,0,0,0.0,0.0,0,0,0.0,0.0,0,0,0.0,0.0,0,0,0.0,0.0,0,0,0.0,0.0,0,0,0.0,0.0,0,0,0.0,0.0,60,2,3.0,6.0
scc-ccn,21,0,1.0,1.0,38,0,5.0,5.0,0,0,0.0,0.0,0,0,0.0,0.0,0,0,0.0,0.0,0,0,0.0,0.0,0,0,0.0,0.0,0,0,0.0,0.0,0,0,0.0,0.0,23,0,2.0,4.0,0,0,0.0,0.0,0,0,0.0,0.0,0,0,0.0,0.0,5,0,0.0,1.0,0,0,0.0,0.0,0,0,0.0,0.0,0,0,0.0,0.0,0,0,0.0,0.0,0,0,0.0,0.0,2,0,0.0,2.0,105,3,15.0,27.0,0,0,0.0,0.0,0,0,0.0,0.0,194,3,23.0,40.0
scc-csc,0,0,0.0,0.0,0,0,0.0,0.0,0,0,0.0,0.0,0,0,0.0,0.0,0,0,0.0,0.0,0,0,0.0,0.0,0,0,0.0,0.0,0,0,0.0,0.0,0,0,0.0,0.0,0,0,0.0,0.0,0,0,0.0,0.0,0,0,0.0,0.0,0,0,0.0,0.0,0,0,0.0,0.0,0,0,0.0,0.0,41,0,0.0,0.0,12,1,1.0,2.0,0,0,0.0,0.0,0,0,0.0,0.0,0,0,0.0,0.0,0,0,0.0,0.0,0,0,0.0,0.0,0,0,0.0,0.0,53,1,1.0,2.0
sdtc-tddc,20,2,2.0,2.0,47,4,4.0,4.0,0,0,0.0,0.0,0,0,0.0,0.0,0,0,0.0,0.0,0,0,0.0,0.0,0,0,0.0,0.0,0,0,0.0,0.0,0,0,0.0,0.0,0,0,0.0,0.0,0,0,0.0,0.0,0,0,0.0,0.0,0,0,0.0,0.0,0,0,0.0,0.0,0,0,0.0,0.0,0,0,0.0,0.0,0,0,0.0,0.0,0,0,0.0,0.0,0,0,0.0,0.0,0,0,0.0,0.0,0,0,0.0,0.0,0,0,0.0,0.0,0,0,0.0,0.0,67,6,6.0,6.0
sibc-cpivml,7,0,0.0,0.0,58,1,3.0,6.0,0,0,0.0,0.0,0,0,0.0,0.0,0,0,0.0,0.0,0,0,0.0,0.0,0,0,0.0,0.0,0,0,0.0,0.0,0,0,0.0,0.0,1,0,0.0,1.0,3,0,0.0,2.0,0,0,0.0,0.0,0,0,0.0,0.0,7,0,0.0,2.0,0,0,0.0,0.0,0,0,0.0,0.0,0,0,0.0,0.0,0,0,0.0,0.0,0,0,0.0,0.0,0,0,0.0,0.0,4,0,2.0,2.0,5,0,0.0,4.0,0,0,0.0,0.0,85,1,5.0,17.0
sirc-csars,69,0,0.0,0.0,0,0,0.0,0.0,0,0,0.0,0.0,59,0,0.0,0.0,0,0,0.0,0.0,0,0,0.0,0.0,0,0,0.0,0.0,0,0,0.0,0.0,0,0,0.0,0.0,29,0,0.0,0.0,0,0,0.0,0.0,0,0,0.0,0.0,0,0,0.0,0.0,0,0,0.0,0.0,0,0,0.0,0.0,0,0,0.0,0.0,0,0,0.0,0.0,0,0,0.0,0.0,0,0,0.0,0.0,0,0,0.0,0.0,44,0,0.0,0.0,0,0,0.0,0.0,0,0,0.0,0.0,201,0,0.0,0.0
sjpa-apsj,4,0,0.0,0.0,56,1,3.0,5.0,0,0,0.0,0.0,0,0,0.0,0.0,0,0,0.0,0.0,0,0,0.0,0.0,0,0,0.0,0.0,0,0,0.0,0.0,0,0,0.0,0.0,0,0,0.0,0.0,1,0,0.0,0.0,0,0,0.0,0.0,0,0,0.0,0.0,0,0,0.0,0.0,0,0,0.0,0.0,0,0,0.0,0.0,0,0,0.0,0.0,0,0,0.0,0.0,0,0,0.0,0.0,0,0,0.0,0.0,0,0,0.0,0.0,1,0,0.0,0.0,0,0,0.0,0.0,62,1,3.0,5.0
slupb-cats,0,0,0.0,0.0,48,0,0.0,0.0,0,0,0.0,0.0,0,0,0.0,0.0,0,0,0.0,0.0,0,0,0.0,0.0,0,0,0.0,0.0,0,0,0.0,0.0,0,0,0.0,0.0,0,0,0.0,0.0,0,0,0.0,0.0,0,0,0.0,0.0,0,0,0.0,0.0,0,0,0.0,0.0,0,0,0.0,0.0,0,0,0.0,0.0,0,0,0.0,0.0,0,0,0.0,0.0,0,0,0.0,0.0,0,0,0.0,0.0,0,0,0.0,0.0,0,0,0.0,0.0,0,0,0.0,0.0,48,0,0.0,0.0
slwb-otes,1,0,0.0,0.0,59,1,2.0,5.0,0,0,0.0,0.0,0,0,0.0,0.0,0,0,0.0,0.0,0,0,0.0,0.0,0,0,0.0,0.0,0,0,0.0,0.0,0,0,0.0,0.0,0,0,0.0,0.0,0,0,0.0,0.0,0,0,0.0,0.0,0,0,0.0,0.0,0,0,0.0,0.0,0,0,0.0,0.0,0,0,0.0,0.0,0,0,0.0,0.0,0,0,0.0,0.0,0,0,0.0,0.0,0,0,0.0,0.0,0,0,0.0,0.0,0,0,0.0,0.0,0,0,0.0,0.0,60,1,2.0,5.0
snsicp-scpssnr,6,1,2.0,2.0,19,0,1.0,4.0,36,0,3.0,3.0,7,0,0.0,0.0,0,0,0.0,0.0,6,0,0.0,0.0,0,0,0.0,0.0,0,0,0.0,0.0,20,0,0.0,0.0,242,35,35.0,35.0,37,0,0.0,0.0,0,0,0.0,0.0,0,0,0.0,0.0,7,0,0.0,0.0,0,0,0.0,0.0,0,0,0.0,0.0,4,0,0.0,0.0,0,0,0.0,0.0,0,0,0.0,0.0,6,0,0.0,0.0,133,0,0.0,0.0,44,0,0.0,0.0,0,0,0.0,0.0,567,36,41.0,44.0
sopf-cidp,6,0,0.0,0.0,57,1,4.0,6.0,0,0,0.0,0.0,0,0,0.0,0.0,0,0,0.0,0.0,0,0,0.0,0.0,0,0,0.0,0.0,0,0,0.0,0.0,0,0,0.0,0.0,15,1,1.0,1.0,43,2,3.0,21.0,0,0,0.0,0.0,0,0,0.0,0.0,0,0,0.0,0.0,0,0,0.0,0.0,0,0,0.0,0.0,0,0,0.0,0.0,0,0,0.0,0.0,0,0,0.0,0.0,0,0,0.0,0.0,355,0,2.0,2.0,35,2,3.0,34.0,0,0,0.0,0.0,511,6,13.0,64.0
spa-aps,0,0,0.0,0.0,19,0,5.0,9.0,0,0,0.0,0.0,0,0,0.0,0.0,0,0,0.0,0.0,0,0,0.0,0.0,0,0,0.0,0.0,0,0,0.0,0.0,0,0,0.0,0.0,0,0,0.0,0.0,0,0,0.0,0.0,0,0,0.0,0.0,0,0,0.0,0.0,0,0,0.0,0.0,0,0,0.0,0.0,0,0,0.0,0.0,0,0,0.0,0.0,0,0,0.0,0.0,0,0,0.0,0.0,0,0,0.0,0.0,0,0,0.0,0.0,0,0,0.0,0.0,0,0,0.0,0.0,19,0,5.0,9.0
srp-rsp,0,0,0.0,0.0,0,0,0.0,0.0,13,0,0.0,0.0,0,0,0.0,0.0,0,0,0.0,0.0,0,0,0.0,0.0,0,0,0.0,0.0,0,0,0.0,0.0,0,0,0.0,0.0,0,0,0.0,0.0,12,0,0.0,0.0,0,0,0.0,0.0,0,0,0.0,0.0,0,0,0.0,0.0,0,0,0.0,0.0,0,0,0.0,0.0,0,0,0.0,0.0,0,0,0.0,0.0,0,0,0.0,0.0,0,0,0.0,0.0,3,0,0.0,0.0,11,0,0.0,0.0,0,0,0.0,0.0,39,0,0.0,0.0
ssc-spc,1418,0,18.0,86.0,0,0,0.0,0.0,739,11,22.0,46.0,25662,594,722.0,1314.0,0,0,0.0,0.0,7,0,0.0,0.0,100,5,9.0,9.0,0,0,0.0,0.0,0,0,0.0,0.0,300,0,1.0,2.0,52,1,1.0,4.0,2,0,0.0,0.0,6,2,2.0,2.0,3,0,0.0,0.0,7,0,0.0,0.0,53,0,0.0,5.0,14,0,0.0,0.0,6,0,0.0,0.0,0,0,0.0,0.0,12,0,0.0,1.0,405,6,11.0,23.0,25,0,0.0,0.0,0,0,0.0,0.0,28811,619,786.0,1492.0
sshrc-crsh,200,0,5.0,11.0,13,0,0.0,1.0,123,0,5.0,8.0,830,70,70.0,-824.0,9,0,0.0,0.0,3,0,0.0,0.0,32,0,3.0,7.0,55808,3754,3771.0,5675.0,0,0,0.0,0.0,22,0,0.0,0.0,18,0,0.0,0.0,0,0,0.0,0.0,1,0,0.0,0.0,0,0,0.0,0.0,0,0,0.0,0.0,0,0,0.0,0.0,0,0,0.0,0.0,0,0,0.0,0.0,0,0,0.0,0.0,8,0,0.0,1.0,414,7,13.0,24.0,9,0,0.0,0.0,0,0,0.0,0.0,57490,3831,3867.0,4903.0
statcan,572,32,32.0,32.0,2,1,1.0,1.0,590,4,25.0,43.0,2966,277,422.0,713.0,0,0,0.0,0.0,7,0,0.0,0.0,79,3,6.0,9.0,4,0,0.0,0.0,18,0,0.0,0.0,88,1,2.0,4.0,9,0,0.0,1.0,0,0,0.0,0.0,1,0,0.0,0.0,1,0,0.0,0.0,0,0,0.0,0.0,58,0,1.0,1.0,9,0,0.0,0.0,0,0,0.0,0.0,0,0,0.0,0.0,9,0,1.0,1.0,337,5,17.0,30.0,1,0,0.0,0.0,0,0,0.0,0.0,4751,323,507.0,835.0
stjpa-apstj,0,0,0.0,0.0,1,0,0.0,0.0,0,0,0.0,0.0,0,0,0.0,0.0,0,0,0.0,0.0,0,0,0.0,0.0,0,0,0.0,0.0,0,0,0.0,0.0,0,0,0.0,0.0,0,0,0.0,0.0,0,0,0.0,0.0,0,0,0.0,0.0,0,0,0.0,0.0,0,0,0.0,0.0,0,0,0.0,0.0,0,0,0.0,0.0,0,0,0.0,0.0,0,0,0.0,0.0,0,0,0.0,0.0,0,0,0.0,0.0,0,0,0.0,0.0,0,0,0.0,0.0,0,0,0.0,0.0,1,0,0.0,0.0
swc-cfc,174,0,0.0,0.0,0,0,0.0,0.0,0,0,0.0,0.0,197,0,0.0,0.0,0,0,0.0,0.0,1,0,0.0,0.0,0,0,0.0,0.0,143,0,0.0,0.0,2,0,0.0,0.0,55,0,0.0,0.0,9,0,0.0,0.0,0,0,0.0,0.0,0,0,0.0,0.0,0,0,0.0,0.0,0,0,0.0,0.0,7,0,0.0,0.0,3,0,0.0,0.0,0,0,0.0,0.0,0,0,0.0,0.0,0,0,0.0,0.0,246,0,0.0,0.0,12,0,0.0,0.0,0,0,0.0,0.0,849,0,0.0,0.0
tbpa-aptb,2,0,0.0,0.0,44,0,5.0,5.0,0,0,0.0,0.0,0,0,0.0,0.0,0,0,0.0,0.0,0,0,0.0,0.0,0,0,0.0,0.0,0,0,0.0,0.0,0,0,0.0,0.0,0,0,0.0,0.0,0,0,0.0,0.0,0,0,0.0,0.0,0,0,0.0,0.0,0,0,0.0,0.0,0,0,0.0,0.0,0,0,0.0,0.0,0,0,0.0,0.0,0,0,0.0,0.0,0,0,0.0,0.0,0,0,0.0,0.0,0,0,0.0,0.0,0,0,0.0,0.0,0,0,0.0,0.0,46,0,5.0,5.0
tbs-sct,3731,32,84.0,145.0,0,0,0.0,0.0,1663,21,72.0,132.0,7756,27,26.0,59.0,0,0,0.0,0.0,7,0,0.0,0.0,108,0,0.0,4.0,44,0,2.0,2.0,13,0,0.0,1.0,332,1,4.0,7.0,24,0,0.0,1.0,38,38,38.0,38.0,9,9,9.0,9.0,1,0,0.0,0.0,56,0,0.0,0.0,63,2,2.0,2.0,9,0,0.0,1.0,12,12,12.0,12.0,0,0,0.0,0.0,7,0,1.0,1.0,780,14,71.0,125.0,9,0,0.0,0.0,0,0,0.0,0.0,14662,156,321.0,539.0
tc,7836,64,131.0,263.0,0,0,0.0,0.0,2814,40,132.0,224.0,22479,477,481.0,790.0,0,0,0.0,0.0,7,0,0.0,0.0,72,4,4.0,6.0,40757,2952,2952.0,6503.0,0,0,0.0,0.0,301,0,8.0,18.0,20,0,0.0,0.0,0,0,0.0,0.0,0,0,0.0,0.0,1,0,0.0,0.0,71,0,0.0,0.0,509,0,5.0,7.0,3,0,0.0,0.0,1,0,0.0,0.0,0,0,0.0,0.0,14,0,1.0,1.0,3180,30,66.0,137.0,5,0,0.0,0.0,0,0,0.0,0.0,78070,3567,3780.0,7949.0
tf,16,1,1.0,1.0,15,1,2.0,5.0,0,0,0.0,0.0,0,0,0.0,0.0,0,0,0.0,0.0,0,0,0.0,0.0,0,0,0.0,0.0,0,0,0.0,0.0,0,0,0.0,0.0,233,25,57.0,80.0,0,0,0.0,0.0,0,0,0.0,0.0,0,0,0.0,0.0,4,0,0.0,3.0,0,0,0.0,0.0,0,0,0.0,0.0,0,0,0.0,0.0,0,0,0.0,0.0,0,0,0.0,0.0,0,0,0.0,0.0,259,35,54.0,84.0,0,0,0.0,0.0,0,0,0.0,0.0,527,62,114.0,173.0
tmc,37,0,0.0,0.0,46,3,3.0,6.0,0,0,0.0,0.0,0,0,0.0,0.0,0,0,0.0,0.0,0,0,0.0,0.0,0,0,0.0,0.0,0,0,0.0,0.0,0,0,0.0,0.0,0,0,0.0,0.0,0,0,0.0,0.0,0,0,0.0,0.0,0,0,0.0,0.0,0,0,0.0,0.0,0,0,0.0,0.0,0,0,0.0,0.0,0,0,0.0,0.0,0,0,0.0,0.0,0,0,0.0,0.0,0,0,0.0,0.0,0,0,0.0,0.0,0,0,0.0,0.0,0,0,0.0,0.0,83,3,3.0,6.0
tmp,0,0,0.0,0.0,61,2,4.0,6.0,0,0,0.0,0.0,0,0,0.0,0.0,0,0,0.0,0.0,0,0,0.0,0.0,0,0,0.0,0.0,0,0,0.0,0.0,0,0,0.0,0.0,0,0,0.0,0.0,0,0,0.0,0.0,0,0,0.0,0.0,0,0,0.0,0.0,0,0,0.0,0.0,0,0,0.0,0.0,0,0,0.0,0.0,0,0,0.0,0.0,0,0,0.0,0.0,0,0,0.0,0.0,0,0,0.0,0.0,0,0,0.0,0.0,0,0,0.0,0.0,0,0,0.0,0.0,61,2,4.0,6.0
tpa-apt,24,0,2.0,2.0,16,0,1.0,3.0,0,0,0.0,0.0,0,0,0.0,0.0,0,0,0.0,0.0,0,0,0.0,0.0,0,0,0.0,0.0,0,0,0.0,0.0,0,0,0.0,0.0,0,0,0.0,0.0,0,0,0.0,0.0,0,0,0.0,0.0,0,0,0.0,0.0,0,0,0.0,0.0,0,0,0.0,0.0,0,0,0.0,0.0,0,0,0.0,0.0,0,0,0.0,0.0,0,0,0.0,0.0,0,0,0.0,0.0,0,0,0.0,0.0,0,0,0.0,0.0,0,0,0.0,0.0,40,0,3.0,5.0
tsb-bst,524,2,14.0,21.0,7,0,0.0,0.0,0,0,0.0,0.0,412,0,0.0,0.0,0,0,0.0,0.0,0,0,0.0,0.0,0,0,0.0,0.0,0,0,0.0,0.0,0,0,0.0,0.0,22,0,1.0,1.0,68,1,2.0,5.0,0,0,0.0,0.0,4,1,1.0,1.0,8,0,0.0,0.0,0,0,0.0,0.0,18,0,0.0,0.0,19,0,1.0,2.0,2,0,0.0,0.0,1,1,1.0,1.0,11,0,1.0,1.0,174,4,14.0,29.0,28,0,0.0,0.0,0,0,0.0,0.0,1298,9,35.0,61.0
vac-acc,1236,7,17.0,49.0,1,0,0.0,0.0,410,7,31.0,56.0,4799,38,37.0,65.0,0,0,0.0,0.0,7,0,0.0,0.0,71,3,3.0,9.0,1675,22,22.0,97.0,0,0,0.0,0.0,432,0,0.0,1.0,47,0,2.0,4.0,0,0,0.0,0.0,0,0,0.0,0.0,0,0,0.0,0.0,230,12,12.0,12.0,479,5,5.0,8.0,13,0,0.0,0.0,0,0,0.0,0.0,0,0,0.0,0.0,5,0,0.0,0.0,2997,11,62.0,115.0,12,0,0.0,0.0,2,0,0.0,0.0,12416,105,191.0,416.0
vfpa-apvf,226,3,8.0,9.0,13,0,0.0,2.0,0,0,0.0,0.0,0,0,0.0,0.0,0,0,0.0,0.0,0,0,0.0,0.0,0,0,0.0,0.0,0,0,0.0,0.0,0,0,0.0,0.0,0,0,0.0,0.0,0,0,0.0,0.0,0,0,0.0,0.0,0,0,0.0,0.0,0,0,0.0,0.0,0,0,0.0,0.0,0,0,0.0,0.0,0,0,0.0,0.0,0,0,0.0,0.0,0,0,0.0,0.0,0,0,0.0,0.0,0,0,0.0,0.0,0,0,0.0,0.0,0,0,0.0,0.0,239,3,8.0,11.0
viarail,387,0,0.0,1.0,0,0,0.0,0.0,0,0,0.0,0.0,0,0,0.0,0.0,0,0,0.0,0.0,0,0,0.0,0.0,0,0,0.0,0.0,0,0,0.0,0.0,0,0,0.0,0.0,0,0,0.0,0.0,0,0,0.0,0.0,0,0,0.0,0.0,0,0,0.0,0.0,0,0,0.0,0.0,0,0,0.0,0.0,0,0,0.0,0.0,0,0,0.0,0.0,0,0,0.0,0.0,0,0,0.0,0.0,0,0,0.0,0.0,0,0,0.0,0.0,0,0,0.0,0.0,0,0,0.0,0.0,387,0,0.0,1.0
vrab-tacra,46,0,2.0,2.0,41,1,2.0,5.0,1,0,0.0,1.0,138,6,6.0,10.0,8,0,0.0,0.0,3,0,0.0,0.0,0,0,0.0,0.0,0,0,0.0,0.0,0,0,0.0,0.0,54,0,1.0,1.0,35,0,1.0,4.0,0,0,0.0,0.0,0,0,0.0,0.0,3,0,0.0,0.0,1,0,0.0,0.0,17,0,0.0,0.0,27,1,1.0,2.0,1,0,0.0,0.0,0,0,0.0,0.0,0,0,0.0,0.0,348,0,9.0,18.0,20,0,0.0,0.0,0,0,0.0,0.0,743,8,22.0,43.0
wage,194,2,7.0,17.0,8,0,0.0,0.0,1050,14,37.0,73.0,701,20,20.0,31.0,0,0,0.0,0.0,6,0,0.0,0.0,0,0,0.0,0.0,2355,113,113.0,378.0,3,0,0.0,0.0,14,0,1.0,1.0,37,0,1.0,3.0,8,0,0.0,0.0,5,0,0.0,0.0,0,0,0.0,0.0,163,2,2.0,2.0,11,0,0.0,0.0,15,0,0.0,0.0,0,0,0.0,0.0,1,0,0.0,0.0,6,0,1.0,1.0,446,2,14.0,41.0,12,0,0.0,0.0,0,0,0.0,0.0,5035,153,196.0,547.0
wd-deo,215,0,0.0,0.0,1,0,0.0,0.0,451,0,0.0,0.0,250,0,0.0,0.0,0,0,0.0,0.0,4,0,0.0,0.0,0,0,0.0,0.0,14555,0,0.0,0.0,0,0,0.0,0.0,73,0,0.0,0.0,19,0,0.0,0.0,0,0,0.0,0.0,0,0,0.0,0.0,0,0,0.0,0.0,0,0,0.0,0.0,23,0,0.0,0.0,10,0,0.0,0.0,1,0,0.0,0.0,0,0,0.0,0.0,10,0,0.0,0.0,1387,0,0.0,0.0,10,0,0.0,0.0,0,0,0.0,0.0,17009,0,0.0,0.0
wdba-apwd,22,2,2.0,3.0,29,1,4.0,5.0,0,0,0.0,0.0,0,0,0.0,0.0,0,0,0.0,0.0,0,0,0.0,0.0,0,0,0.0,0.0,0,0,0.0,0.0,0,0,0.0,0.0,37,2,8.0,37.0,0,0,0.0,0.0,0,0,0.0,0.0,0,0,0.0,0.0,0,0,0.0,0.0,0,0,0.0,0.0,0,0,0.0,0.0,0,0,0.0,0.0,0,0,0.0,0.0,0,0,0.0,0.0,0,0,0.0,0.0,62,4,23.0,62.0,0,0,0.0,0.0,0,0,0.0,0.0,150,9,37.0,107.0
yesab-oeesy,11,3,3.0,3.0,52,9,9.0,9.0,0,0,0.0,0.0,0,0,0.0,0.0,0,0,0.0,0.0,1,0,0.0,0.0,0,0,0.0,0.0,0,0,0.0,0.0,0,0,0.0,0.0,0,0,0.0,0.0,0,0,0.0,0.0,0,0,0.0,0.0,0,0,0.0,0.0,0,0,0.0,0.0,0,0,0.0,0.0,0,0,0.0,0.0,0,0,0.0,0.0,0,0,0.0,0.0,0,0,0.0,0.0,0,0,0.0,0.0,68,9,38.0,38.0,14,1,5.0,5.0,0,0,0.0,0.0,146,22,55.0,55.0
